quarantine_id,source_table,source_row_id,failure_reason,validation_rule,quarantined_at,raw_record_payload
Q-E725D2BB2EF0,06_gate_events.csv,GE-0000703,Gate event references quarantined or non-existent order_id 'LO-PS10-01098',RULE_ORPHANED_FOREIGN_KEY,2026-09-15T14:23:38.638673,"{""gate_event_id"": ""GE-0000703"", ""order_id"": ""LO-PS10-01098"", ""depot_id"": ""nairobi"", ""truck_id"": ""TRK-0676"", ""event_type"": ""ARRIVAL"", ""event_timestamp"": ""2026-06-12 12:45:13"", ""tare_weight_kg"": 0, ""gross_weight_kg"": 0, ""rfid_transponder_id"": ""RFID-KBT262B"", ""gate_lane"": ""Outer Lane 1""}"
Q-EA18D5FE152F,06_gate_events.csv,GE-0000704,Gate event references quarantined or non-existent order_id 'LO-PS10-01098',RULE_ORPHANED_FOREIGN_KEY,2026-09-15T14:23:38.638778,"{""gate_event_id"": ""GE-0000704"", ""order_id"": ""LO-PS10-01098"", ""depot_id"": ""nairobi"", ""truck_id"": ""TRK-0676"", ""event_type"": ""GATE_IN"", ""event_timestamp"": ""2026-06-12 12:51:13"", ""tare_weight_kg"": 14264, ""gross_weight_kg"": 0, ""rfid_transponder_id"": ""RFID-KBT262B"", ""gate_lane"": ""Tare Scale 2""}"
Q-E668F2B838C6,06_gate_events.csv,GE-0000705,Gate event references quarantined or non-existent order_id 'LO-PS10-01098',RULE_ORPHANED_FOREIGN_KEY,2026-09-15T14:23:38.638911,"{""gate_event_id"": ""GE-0000705"", ""order_id"": ""LO-PS10-01098"", ""depot_id"": ""nairobi"", ""truck_id"": ""TRK-0676"", ""event_type"": ""GATE_OUT"", ""event_timestamp"": ""2026-06-12 14:14:28"", ""tare_weight_kg"": 14264, ""gross_weight_kg"": 41600, ""rfid_transponder_id"": ""RFID-KBT262B"", ""gate_lane"": ""Gross Weighbridge Platform 2""}"
Q-965AF938755A,06_gate_events.csv,GE-0001264,Gate event references quarantined or non-existent order_id 'LO-KOTPS1-01115',RULE_ORPHANED_FOREIGN_KEY,2026-09-15T14:23:38.681740,"{""gate_event_id"": ""GE-0001264"", ""order_id"": ""LO-KOTPS1-01115"", ""depot_id"": ""mombasa"", ""truck_id"": ""TRK-0239"", ""event_type"": ""ARRIVAL"", ""event_timestamp"": ""2026-06-15 10:32:23"", ""tare_weight_kg"": 0, ""gross_weight_kg"": 0, ""rfid_transponder_id"": ""RFID-KCH760N"", ""gate_lane"": ""Outer Lane 2""}"
Q-8026B65A6C04,06_gate_events.csv,GE-0001265,Gate event references quarantined or non-existent order_id 'LO-KOTPS1-01115',RULE_ORPHANED_FOREIGN_KEY,2026-09-15T14:23:38.681835,"{""gate_event_id"": ""GE-0001265"", ""order_id"": ""LO-KOTPS1-01115"", ""depot_id"": ""mombasa"", ""truck_id"": ""TRK-0239"", ""event_type"": ""GATE_IN"", ""event_timestamp"": ""2026-06-15 10:42:23"", ""tare_weight_kg"": 15577, ""gross_weight_kg"": 0, ""rfid_transponder_id"": ""RFID-KCH760N"", ""gate_lane"": ""Tare Scale 2""}"
Q-2460F67B312C,06_gate_events.csv,GE-0001266,Gate event references quarantined or non-existent order_id 'LO-KOTPS1-01115',RULE_ORPHANED_FOREIGN_KEY,2026-09-15T14:23:38.681923,"{""gate_event_id"": ""GE-0001266"", ""order_id"": ""LO-KOTPS1-01115"", ""depot_id"": ""mombasa"", ""truck_id"": ""TRK-0239"", ""event_type"": ""GATE_OUT"", ""event_timestamp"": ""2026-06-15 11:52:13"", ""tare_weight_kg"": 15577, ""gross_weight_kg"": 43887, ""rfid_transponder_id"": ""RFID-KCH760N"", ""gate_lane"": ""Gross Weighbridge Platform 2""}"
Q-85CDC1B1C60B,06_gate_events.csv,GE-0002956,Gate event references quarantined or non-existent order_id 'LO-KOTPS1-01271',RULE_ORPHANED_FOREIGN_KEY,2026-09-15T14:23:38.814640,"{""gate_event_id"": ""GE-0002956"", ""order_id"": ""LO-KOTPS1-01271"", ""depot_id"": ""mombasa"", ""truck_id"": ""TRK-0011"", ""event_type"": ""ARRIVAL"", ""event_timestamp"": ""2026-06-19 19:24:55"", ""tare_weight_kg"": 0, ""gross_weight_kg"": 0, ""rfid_transponder_id"": ""RFID-KCT612V"", ""gate_lane"": ""Outer Lane 3""}"
Q-14627BB978F6,06_gate_events.csv,GE-0002957,Gate event references quarantined or non-existent order_id 'LO-KOTPS1-01271',RULE_ORPHANED_FOREIGN_KEY,2026-09-15T14:23:38.814791,"{""gate_event_id"": ""GE-0002957"", ""order_id"": ""LO-KOTPS1-01271"", ""depot_id"": ""mombasa"", ""truck_id"": ""TRK-0011"", ""event_type"": ""GATE_IN"", ""event_timestamp"": ""2026-06-19 19:31:55"", ""tare_weight_kg"": 16092, ""gross_weight_kg"": 0, ""rfid_transponder_id"": ""RFID-KCT612V"", ""gate_lane"": ""Tare Scale 2""}"
Q-BB368FBDE6C8,06_gate_events.csv,GE-0002958,Gate event references quarantined or non-existent order_id 'LO-KOTPS1-01271',RULE_ORPHANED_FOREIGN_KEY,2026-09-15T14:23:38.814938,"{""gate_event_id"": ""GE-0002958"", ""order_id"": ""LO-KOTPS1-01271"", ""depot_id"": ""mombasa"", ""truck_id"": ""TRK-0011"", ""event_type"": ""GATE_OUT"", ""event_timestamp"": ""2026-06-19 20:57:42"", ""tare_weight_kg"": 16092, ""gross_weight_kg"": 45892, ""rfid_transponder_id"": ""RFID-KCT612V"", ""gate_lane"": ""Gross Weighbridge Platform 1""}"
Q-1B67B1CC78FD,06_gate_events.csv,GE-0002983,Gate event references quarantined or non-existent order_id 'LO-PS25-01156',RULE_ORPHANED_FOREIGN_KEY,2026-09-15T14:23:38.816860,"{""gate_event_id"": ""GE-0002983"", ""order_id"": ""LO-PS25-01156"", ""depot_id"": ""nakuru"", ""truck_id"": ""TRK-0303"", ""event_type"": ""ARRIVAL"", ""event_timestamp"": ""2026-06-19 13:37:49"", ""tare_weight_kg"": 0, ""gross_weight_kg"": 0, ""rfid_transponder_id"": ""RFID-KDM697A"", ""gate_lane"": ""Outer Lane 3""}"
Q-BA8E0E19B157,06_gate_events.csv,GE-0002984,Gate event references quarantined or non-existent order_id 'LO-PS25-01156',RULE_ORPHANED_FOREIGN_KEY,2026-09-15T14:23:38.816949,"{""gate_event_id"": ""GE-0002984"", ""order_id"": ""LO-PS25-01156"", ""depot_id"": ""nakuru"", ""truck_id"": ""TRK-0303"", ""event_type"": ""GATE_IN"", ""event_timestamp"": ""2026-06-19 13:47:49"", ""tare_weight_kg"": 16542, ""gross_weight_kg"": 0, ""rfid_transponder_id"": ""RFID-KDM697A"", ""gate_lane"": ""Tare Scale 1""}"
Q-801419A81170,06_gate_events.csv,GE-0002985,Gate event references quarantined or non-existent order_id 'LO-PS25-01156',RULE_ORPHANED_FOREIGN_KEY,2026-09-15T14:23:38.817037,"{""gate_event_id"": ""GE-0002985"", ""order_id"": ""LO-PS25-01156"", ""depot_id"": ""nakuru"", ""truck_id"": ""TRK-0303"", ""event_type"": ""GATE_OUT"", ""event_timestamp"": ""2026-06-19 15:06:45"", ""tare_weight_kg"": 16542, ""gross_weight_kg"": 50142, ""rfid_transponder_id"": ""RFID-KDM697A"", ""gate_lane"": ""Gross Weighbridge Platform 2""}"
Q-E0273D2F212A,06_gate_events.csv,GE-0003724,Gate event references quarantined or non-existent order_id 'LO-PS10-01499',RULE_ORPHANED_FOREIGN_KEY,2026-09-15T14:23:38.874740,"{""gate_event_id"": ""GE-0003724"", ""order_id"": ""LO-PS10-01499"", ""depot_id"": ""nairobi"", ""truck_id"": ""TRK-0742"", ""event_type"": ""ARRIVAL"", ""event_timestamp"": ""2026-06-22 12:28:56"", ""tare_weight_kg"": 0, ""gross_weight_kg"": 0, ""rfid_transponder_id"": ""RFID-KDH728Y"", ""gate_lane"": ""Outer Lane 1""}"
Q-D299405042FF,06_gate_events.csv,GE-0003725,Gate event references quarantined or non-existent order_id 'LO-PS10-01499',RULE_ORPHANED_FOREIGN_KEY,2026-09-15T14:23:38.874838,"{""gate_event_id"": ""GE-0003725"", ""order_id"": ""LO-PS10-01499"", ""depot_id"": ""nairobi"", ""truck_id"": ""TRK-0742"", ""event_type"": ""GATE_IN"", ""event_timestamp"": ""2026-06-22 12:34:56"", ""tare_weight_kg"": 12496, ""gross_weight_kg"": 0, ""rfid_transponder_id"": ""RFID-KDH728Y"", ""gate_lane"": ""Tare Scale 2""}"
Q-46EFF97542DE,06_gate_events.csv,GE-0003726,Gate event references quarantined or non-existent order_id 'LO-PS10-01499',RULE_ORPHANED_FOREIGN_KEY,2026-09-15T14:23:38.874925,"{""gate_event_id"": ""GE-0003726"", ""order_id"": ""LO-PS10-01499"", ""depot_id"": ""nairobi"", ""truck_id"": ""TRK-0742"", ""event_type"": ""GATE_OUT"", ""event_timestamp"": ""2026-06-22 13:47:44"", ""tare_weight_kg"": 12496, ""gross_weight_kg"": 36016, ""rfid_transponder_id"": ""RFID-KDH728Y"", ""gate_lane"": ""Gross Weighbridge Platform 1""}"
Q-4878C2A45AAC,06_gate_events.csv,GE-0003865,Gate event references quarantined or non-existent order_id 'LO-PS28-01110',RULE_ORPHANED_FOREIGN_KEY,2026-09-15T14:23:38.885443,"{""gate_event_id"": ""GE-0003865"", ""order_id"": ""LO-PS28-01110"", ""depot_id"": ""kisumu"", ""truck_id"": ""TRK-0516"", ""event_type"": ""ARRIVAL"", ""event_timestamp"": ""2026-06-22 14:15:55"", ""tare_weight_kg"": 0, ""gross_weight_kg"": 0, ""rfid_transponder_id"": ""RFID-KBL364T"", ""gate_lane"": ""Outer Lane 2""}"
Q-E1AD0E1506D8,06_gate_events.csv,GE-0003866,Gate event references quarantined or non-existent order_id 'LO-PS28-01110',RULE_ORPHANED_FOREIGN_KEY,2026-09-15T14:23:38.885532,"{""gate_event_id"": ""GE-0003866"", ""order_id"": ""LO-PS28-01110"", ""depot_id"": ""kisumu"", ""truck_id"": ""TRK-0516"", ""event_type"": ""GATE_IN"", ""event_timestamp"": ""2026-06-22 14:28:55"", ""tare_weight_kg"": 15882, ""gross_weight_kg"": 0, ""rfid_transponder_id"": ""RFID-KBL364T"", ""gate_lane"": ""Tare Scale 2""}"
Q-B0C11687E3F8,06_gate_events.csv,GE-0003867,Gate event references quarantined or non-existent order_id 'LO-PS28-01110',RULE_ORPHANED_FOREIGN_KEY,2026-09-15T14:23:38.885620,"{""gate_event_id"": ""GE-0003867"", ""order_id"": ""LO-PS28-01110"", ""depot_id"": ""kisumu"", ""truck_id"": ""TRK-0516"", ""event_type"": ""GATE_OUT"", ""event_timestamp"": ""2026-06-22 16:01:21"", ""tare_weight_kg"": 15882, ""gross_weight_kg"": 47802, ""rfid_transponder_id"": ""RFID-KBL364T"", ""gate_lane"": ""Gross Weighbridge Platform 2""}"
Q-B3E96BC2D0F6,06_gate_events.csv,GE-0003904,Gate event references quarantined or non-existent order_id 'LO-PS25-01209',RULE_ORPHANED_FOREIGN_KEY,2026-09-15T14:23:38.888432,"{""gate_event_id"": ""GE-0003904"", ""order_id"": ""LO-PS25-01209"", ""depot_id"": ""nakuru"", ""truck_id"": ""TRK-0041"", ""event_type"": ""ARRIVAL"", ""event_timestamp"": ""2026-06-22 13:07:12"", ""tare_weight_kg"": 0, ""gross_weight_kg"": 0, ""rfid_transponder_id"": ""RFID-KDM197E"", ""gate_lane"": ""Outer Lane 3""}"
Q-38AB386E5A6E,06_gate_events.csv,GE-0003905,Gate event references quarantined or non-existent order_id 'LO-PS25-01209',RULE_ORPHANED_FOREIGN_KEY,2026-09-15T14:23:38.888522,"{""gate_event_id"": ""GE-0003905"", ""order_id"": ""LO-PS25-01209"", ""depot_id"": ""nakuru"", ""truck_id"": ""TRK-0041"", ""event_type"": ""GATE_IN"", ""event_timestamp"": ""2026-06-22 13:18:12"", ""tare_weight_kg"": 16242, ""gross_weight_kg"": 0, ""rfid_transponder_id"": ""RFID-KDM197E"", ""gate_lane"": ""Tare Scale 2""}"
Q-936F2FC81AFC,06_gate_events.csv,GE-0003906,Gate event references quarantined or non-existent order_id 'LO-PS25-01209',RULE_ORPHANED_FOREIGN_KEY,2026-09-15T14:23:38.888609,"{""gate_event_id"": ""GE-0003906"", ""order_id"": ""LO-PS25-01209"", ""depot_id"": ""nakuru"", ""truck_id"": ""TRK-0041"", ""event_type"": ""GATE_OUT"", ""event_timestamp"": ""2026-06-22 14:45:23"", ""tare_weight_kg"": 16242, ""gross_weight_kg"": 46042, ""rfid_transponder_id"": ""RFID-KDM197E"", ""gate_lane"": ""Gross Weighbridge Platform 2""}"
Q-A5A4BE6F910B,06_gate_events.csv,GE-0004051,Gate event references quarantined or non-existent order_id 'LO-PS10-01538',RULE_ORPHANED_FOREIGN_KEY,2026-09-15T14:23:38.899648,"{""gate_event_id"": ""GE-0004051"", ""order_id"": ""LO-PS10-01538"", ""depot_id"": ""nairobi"", ""truck_id"": ""TRK-0328"", ""event_type"": ""ARRIVAL"", ""event_timestamp"": ""2026-06-23 10:49:35"", ""tare_weight_kg"": 0, ""gross_weight_kg"": 0, ""rfid_transponder_id"": ""RFID-KDH452N"", ""gate_lane"": ""Outer Lane 2""}"
Q-E2AF94DBB099,06_gate_events.csv,GE-0004052,Gate event references quarantined or non-existent order_id 'LO-PS10-01538',RULE_ORPHANED_FOREIGN_KEY,2026-09-15T14:23:38.899737,"{""gate_event_id"": ""GE-0004052"", ""order_id"": ""LO-PS10-01538"", ""depot_id"": ""nairobi"", ""truck_id"": ""TRK-0328"", ""event_type"": ""GATE_IN"", ""event_timestamp"": ""2026-06-23 11:02:35"", ""tare_weight_kg"": 12844, ""gross_weight_kg"": 0, ""rfid_transponder_id"": ""RFID-KDH452N"", ""gate_lane"": ""Tare Scale 2""}"
Q-1F715595F7F9,06_gate_events.csv,GE-0004053,Gate event references quarantined or non-existent order_id 'LO-PS10-01538',RULE_ORPHANED_FOREIGN_KEY,2026-09-15T14:23:38.899830,"{""gate_event_id"": ""GE-0004053"", ""order_id"": ""LO-PS10-01538"", ""depot_id"": ""nairobi"", ""truck_id"": ""TRK-0328"", ""event_type"": ""GATE_OUT"", ""event_timestamp"": ""2026-06-23 12:44:20"", ""tare_weight_kg"": 12844, ""gross_weight_kg"": 36364, ""rfid_transponder_id"": ""RFID-KDH452N"", ""gate_lane"": ""Gross Weighbridge Platform 1""}"
Q-F6F898D008F6,06_gate_events.csv,GE-0004396,Gate event references quarantined or non-existent order_id 'LO-PS10-01585',RULE_ORPHANED_FOREIGN_KEY,2026-09-15T14:23:38.927751,"{""gate_event_id"": ""GE-0004396"", ""order_id"": ""LO-PS10-01585"", ""depot_id"": ""nairobi"", ""truck_id"": ""TRK-0633"", ""event_type"": ""ARRIVAL"", ""event_timestamp"": ""2026-06-24 09:24:58"", ""tare_weight_kg"": 0, ""gross_weight_kg"": 0, ""rfid_transponder_id"": ""RFID-KCT143G"", ""gate_lane"": ""Outer Lane 1""}"
Q-068933A064B3,06_gate_events.csv,GE-0004397,Gate event references quarantined or non-existent order_id 'LO-PS10-01585',RULE_ORPHANED_FOREIGN_KEY,2026-09-15T14:23:38.927978,"{""gate_event_id"": ""GE-0004397"", ""order_id"": ""LO-PS10-01585"", ""depot_id"": ""nairobi"", ""truck_id"": ""TRK-0633"", ""event_type"": ""GATE_IN"", ""event_timestamp"": ""2026-06-24 09:38:58"", ""tare_weight_kg"": 15712, ""gross_weight_kg"": 0, ""rfid_transponder_id"": ""RFID-KCT143G"", ""gate_lane"": ""Tare Scale 2""}"
Q-63C9D145830B,06_gate_events.csv,GE-0004398,Gate event references quarantined or non-existent order_id 'LO-PS10-01585',RULE_ORPHANED_FOREIGN_KEY,2026-09-15T14:23:38.928091,"{""gate_event_id"": ""GE-0004398"", ""order_id"": ""LO-PS10-01585"", ""depot_id"": ""nairobi"", ""truck_id"": ""TRK-0633"", ""event_type"": ""GATE_OUT"", ""event_timestamp"": ""2026-06-24 10:48:51"", ""tare_weight_kg"": 15712, ""gross_weight_kg"": 44022, ""rfid_transponder_id"": ""RFID-KCT143G"", ""gate_lane"": ""Gross Weighbridge Platform 2""}"
Q-31AF4652AED9,06_gate_events.csv,GE-0004495,Gate event references quarantined or non-existent order_id 'LO-PS10-01598',RULE_ORPHANED_FOREIGN_KEY,2026-09-15T14:23:38.936928,"{""gate_event_id"": ""GE-0004495"", ""order_id"": ""LO-PS10-01598"", ""depot_id"": ""nairobi"", ""truck_id"": ""TRK-0069"", ""event_type"": ""ARRIVAL"", ""event_timestamp"": ""2026-06-24 15:19:19"", ""tare_weight_kg"": 0, ""gross_weight_kg"": 0, ""rfid_transponder_id"": ""RFID-KCU555Q"", ""gate_lane"": ""Outer Lane 3""}"
Q-814FA6FCC214,06_gate_events.csv,GE-0004496,Gate event references quarantined or non-existent order_id 'LO-PS10-01598',RULE_ORPHANED_FOREIGN_KEY,2026-09-15T14:23:38.937025,"{""gate_event_id"": ""GE-0004496"", ""order_id"": ""LO-PS10-01598"", ""depot_id"": ""nairobi"", ""truck_id"": ""TRK-0069"", ""event_type"": ""GATE_IN"", ""event_timestamp"": ""2026-06-24 15:30:19"", ""tare_weight_kg"": 16569, ""gross_weight_kg"": 0, ""rfid_transponder_id"": ""RFID-KCU555Q"", ""gate_lane"": ""Tare Scale 2""}"
Q-2B91CB1DEFC7,06_gate_events.csv,GE-0004497,Gate event references quarantined or non-existent order_id 'LO-PS10-01598',RULE_ORPHANED_FOREIGN_KEY,2026-09-15T14:23:38.937118,"{""gate_event_id"": ""GE-0004497"", ""order_id"": ""LO-PS10-01598"", ""depot_id"": ""nairobi"", ""truck_id"": ""TRK-0069"", ""event_type"": ""GATE_OUT"", ""event_timestamp"": ""2026-06-24 16:39:43"", ""tare_weight_kg"": 16569, ""gross_weight_kg"": 50169, ""rfid_transponder_id"": ""RFID-KCU555Q"", ""gate_lane"": ""Gross Weighbridge Platform 2""}"
Q-BE25D026D482,06_gate_events.csv,GE-0004576,Gate event references quarantined or non-existent order_id 'LO-PS28-01144',RULE_ORPHANED_FOREIGN_KEY,2026-09-15T14:23:38.943402,"{""gate_event_id"": ""GE-0004576"", ""order_id"": ""LO-PS28-01144"", ""depot_id"": ""kisumu"", ""truck_id"": ""TRK-0511"", ""event_type"": ""ARRIVAL"", ""event_timestamp"": ""2026-06-24 09:55:08"", ""tare_weight_kg"": 0, ""gross_weight_kg"": 0, ""rfid_transponder_id"": ""RFID-KCS943P"", ""gate_lane"": ""Outer Lane 2""}"
Q-C3C4456EBF9A,06_gate_events.csv,GE-0004577,Gate event references quarantined or non-existent order_id 'LO-PS28-01144',RULE_ORPHANED_FOREIGN_KEY,2026-09-15T14:23:38.943491,"{""gate_event_id"": ""GE-0004577"", ""order_id"": ""LO-PS28-01144"", ""depot_id"": ""kisumu"", ""truck_id"": ""TRK-0511"", ""event_type"": ""GATE_IN"", ""event_timestamp"": ""2026-06-24 10:00:08"", ""tare_weight_kg"": 16196, ""gross_weight_kg"": 0, ""rfid_transponder_id"": ""RFID-KCS943P"", ""gate_lane"": ""Tare Scale 1""}"
Q-7F32C382EC41,06_gate_events.csv,GE-0004578,Gate event references quarantined or non-existent order_id 'LO-PS28-01144',RULE_ORPHANED_FOREIGN_KEY,2026-09-15T14:23:38.943579,"{""gate_event_id"": ""GE-0004578"", ""order_id"": ""LO-PS28-01144"", ""depot_id"": ""kisumu"", ""truck_id"": ""TRK-0511"", ""event_type"": ""GATE_OUT"", ""event_timestamp"": ""2026-06-24 11:24:51"", ""tare_weight_kg"": 16196, ""gross_weight_kg"": 45996, ""rfid_transponder_id"": ""RFID-KCS943P"", ""gate_lane"": ""Gross Weighbridge Platform 1""}"
Q-C23C131E73CA,06_gate_events.csv,GE-0004711,Gate event references quarantined or non-existent order_id 'LO-PS10-01624',RULE_ORPHANED_FOREIGN_KEY,2026-09-15T14:23:38.953610,"{""gate_event_id"": ""GE-0004711"", ""order_id"": ""LO-PS10-01624"", ""depot_id"": ""nairobi"", ""truck_id"": ""TRK-0557"", ""event_type"": ""ARRIVAL"", ""event_timestamp"": ""2026-06-24 12:49:40"", ""tare_weight_kg"": 0, ""gross_weight_kg"": 0, ""rfid_transponder_id"": ""RFID-KDX544F"", ""gate_lane"": ""Outer Lane 1""}"
Q-804B893D91D9,06_gate_events.csv,GE-0004712,Gate event references quarantined or non-existent order_id 'LO-PS10-01624',RULE_ORPHANED_FOREIGN_KEY,2026-09-15T14:23:38.953700,"{""gate_event_id"": ""GE-0004712"", ""order_id"": ""LO-PS10-01624"", ""depot_id"": ""nairobi"", ""truck_id"": ""TRK-0557"", ""event_type"": ""GATE_IN"", ""event_timestamp"": ""2026-06-24 13:07:40"", ""tare_weight_kg"": 13043, ""gross_weight_kg"": 0, ""rfid_transponder_id"": ""RFID-KDX544F"", ""gate_lane"": ""Tare Scale 2""}"
Q-E4ABA02FC12E,06_gate_events.csv,GE-0004713,Gate event references quarantined or non-existent order_id 'LO-PS10-01624',RULE_ORPHANED_FOREIGN_KEY,2026-09-15T14:23:38.953792,"{""gate_event_id"": ""GE-0004713"", ""order_id"": ""LO-PS10-01624"", ""depot_id"": ""nairobi"", ""truck_id"": ""TRK-0557"", ""event_type"": ""GATE_OUT"", ""event_timestamp"": ""2026-06-24 14:39:01"", ""tare_weight_kg"": 13043, ""gross_weight_kg"": 33903, ""rfid_transponder_id"": ""RFID-KDX544F"", ""gate_lane"": ""Gross Weighbridge Platform 1""}"
Q-99FCC581B589,06_gate_events.csv,GE-0004918,Gate event references quarantined or non-existent order_id 'LO-KOTPS1-01446',RULE_ORPHANED_FOREIGN_KEY,2026-09-15T14:23:38.969324,"{""gate_event_id"": ""GE-0004918"", ""order_id"": ""LO-KOTPS1-01446"", ""depot_id"": ""mombasa"", ""truck_id"": ""TRK-0485"", ""event_type"": ""ARRIVAL"", ""event_timestamp"": ""2026-06-25 10:51:52"", ""tare_weight_kg"": 0, ""gross_weight_kg"": 0, ""rfid_transponder_id"": ""RFID-KBA397C"", ""gate_lane"": ""Outer Lane 2""}"
Q-D7EC538AF5D1,06_gate_events.csv,GE-0004919,Gate event references quarantined or non-existent order_id 'LO-KOTPS1-01446',RULE_ORPHANED_FOREIGN_KEY,2026-09-15T14:23:38.969414,"{""gate_event_id"": ""GE-0004919"", ""order_id"": ""LO-KOTPS1-01446"", ""depot_id"": ""mombasa"", ""truck_id"": ""TRK-0485"", ""event_type"": ""GATE_IN"", ""event_timestamp"": ""2026-06-25 10:57:52"", ""tare_weight_kg"": 15859, ""gross_weight_kg"": 0, ""rfid_transponder_id"": ""RFID-KBA397C"", ""gate_lane"": ""Tare Scale 1""}"
Q-9CA7E154F137,06_gate_events.csv,GE-0004920,Gate event references quarantined or non-existent order_id 'LO-KOTPS1-01446',RULE_ORPHANED_FOREIGN_KEY,2026-09-15T14:23:38.969503,"{""gate_event_id"": ""GE-0004920"", ""order_id"": ""LO-KOTPS1-01446"", ""depot_id"": ""mombasa"", ""truck_id"": ""TRK-0485"", ""event_type"": ""GATE_OUT"", ""event_timestamp"": ""2026-06-25 12:41:04"", ""tare_weight_kg"": 15859, ""gross_weight_kg"": 45659, ""rfid_transponder_id"": ""RFID-KBA397C"", ""gate_lane"": ""Gross Weighbridge Platform 2""}"
Q-A50FBB89BB9F,06_gate_events.csv,GE-0005008,Gate event references quarantined or non-existent order_id 'LO-PS27-01195',RULE_ORPHANED_FOREIGN_KEY,2026-09-15T14:23:38.976266,"{""gate_event_id"": ""GE-0005008"", ""order_id"": ""LO-PS27-01195"", ""depot_id"": ""eldoret"", ""truck_id"": ""TRK-0259"", ""event_type"": ""ARRIVAL"", ""event_timestamp"": ""2026-06-25 16:53:47"", ""tare_weight_kg"": 0, ""gross_weight_kg"": 0, ""rfid_transponder_id"": ""RFID-KDV740Y"", ""gate_lane"": ""Outer Lane 3""}"
Q-F605AECB06CE,06_gate_events.csv,GE-0005009,Gate event references quarantined or non-existent order_id 'LO-PS27-01195',RULE_ORPHANED_FOREIGN_KEY,2026-09-15T14:23:38.976355,"{""gate_event_id"": ""GE-0005009"", ""order_id"": ""LO-PS27-01195"", ""depot_id"": ""eldoret"", ""truck_id"": ""TRK-0259"", ""event_type"": ""GATE_IN"", ""event_timestamp"": ""2026-06-25 16:58:47"", ""tare_weight_kg"": 14589, ""gross_weight_kg"": 0, ""rfid_transponder_id"": ""RFID-KDV740Y"", ""gate_lane"": ""Tare Scale 2""}"
Q-73059908427D,06_gate_events.csv,GE-0005010,Gate event references quarantined or non-existent order_id 'LO-PS27-01195',RULE_ORPHANED_FOREIGN_KEY,2026-09-15T14:23:38.976443,"{""gate_event_id"": ""GE-0005010"", ""order_id"": ""LO-PS27-01195"", ""depot_id"": ""eldoret"", ""truck_id"": ""TRK-0259"", ""event_type"": ""GATE_OUT"", ""event_timestamp"": ""2026-06-25 18:35:23"", ""tare_weight_kg"": 14589, ""gross_weight_kg"": 43149, ""rfid_transponder_id"": ""RFID-KDV740Y"", ""gate_lane"": ""Gross Weighbridge Platform 2""}"
Q-C1FCC48E551A,06_gate_events.csv,GE-0005020,Gate event references quarantined or non-existent order_id 'LO-PS25-01263',RULE_ORPHANED_FOREIGN_KEY,2026-09-15T14:23:38.977244,"{""gate_event_id"": ""GE-0005020"", ""order_id"": ""LO-PS25-01263"", ""depot_id"": ""nakuru"", ""truck_id"": ""TRK-0558"", ""event_type"": ""ARRIVAL"", ""event_timestamp"": ""2026-06-25 11:42:42"", ""tare_weight_kg"": 0, ""gross_weight_kg"": 0, ""rfid_transponder_id"": ""RFID-KDM508K"", ""gate_lane"": ""Outer Lane 1""}"
Q-EFD04390D9A2,06_gate_events.csv,GE-0005021,Gate event references quarantined or non-existent order_id 'LO-PS25-01263',RULE_ORPHANED_FOREIGN_KEY,2026-09-15T14:23:38.977339,"{""gate_event_id"": ""GE-0005021"", ""order_id"": ""LO-PS25-01263"", ""depot_id"": ""nakuru"", ""truck_id"": ""TRK-0558"", ""event_type"": ""GATE_IN"", ""event_timestamp"": ""2026-06-25 11:58:42"", ""tare_weight_kg"": 13626, ""gross_weight_kg"": 0, ""rfid_transponder_id"": ""RFID-KDM508K"", ""gate_lane"": ""Tare Scale 2""}"
Q-066922007A07,06_gate_events.csv,GE-0005022,Gate event references quarantined or non-existent order_id 'LO-PS25-01263',RULE_ORPHANED_FOREIGN_KEY,2026-09-15T14:23:38.977428,"{""gate_event_id"": ""GE-0005022"", ""order_id"": ""LO-PS25-01263"", ""depot_id"": ""nakuru"", ""truck_id"": ""TRK-0558"", ""event_type"": ""GATE_OUT"", ""event_timestamp"": ""2026-06-25 13:20:42"", ""tare_weight_kg"": 13626, ""gross_weight_kg"": 37466, ""rfid_transponder_id"": ""RFID-KDM508K"", ""gate_lane"": ""Gross Weighbridge Platform 2""}"
Q-7072DB2F7E00,06_gate_events.csv,GE-0005302,Gate event references quarantined or non-existent order_id 'LO-PS10-01704',RULE_ORPHANED_FOREIGN_KEY,2026-09-15T14:23:38.999311,"{""gate_event_id"": ""GE-0005302"", ""order_id"": ""LO-PS10-01704"", ""depot_id"": ""nairobi"", ""truck_id"": ""TRK-0426"", ""event_type"": ""ARRIVAL"", ""event_timestamp"": ""2026-06-26 13:42:56"", ""tare_weight_kg"": 0, ""gross_weight_kg"": 0, ""rfid_transponder_id"": ""RFID-KDA920S"", ""gate_lane"": ""Outer Lane 2""}"
Q-B2E2809F4AEB,06_gate_events.csv,GE-0005303,Gate event references quarantined or non-existent order_id 'LO-PS10-01704',RULE_ORPHANED_FOREIGN_KEY,2026-09-15T14:23:38.999401,"{""gate_event_id"": ""GE-0005303"", ""order_id"": ""LO-PS10-01704"", ""depot_id"": ""nairobi"", ""truck_id"": ""TRK-0426"", ""event_type"": ""GATE_IN"", ""event_timestamp"": ""2026-06-26 13:51:56"", ""tare_weight_kg"": 15797, ""gross_weight_kg"": 0, ""rfid_transponder_id"": ""RFID-KDA920S"", ""gate_lane"": ""Tare Scale 1""}"
Q-DEC03C19C16A,06_gate_events.csv,GE-0005304,Gate event references quarantined or non-existent order_id 'LO-PS10-01704',RULE_ORPHANED_FOREIGN_KEY,2026-09-15T14:23:38.999489,"{""gate_event_id"": ""GE-0005304"", ""order_id"": ""LO-PS10-01704"", ""depot_id"": ""nairobi"", ""truck_id"": ""TRK-0426"", ""event_type"": ""GATE_OUT"", ""event_timestamp"": ""2026-06-26 15:02:14"", ""tare_weight_kg"": 15797, ""gross_weight_kg"": 46007, ""rfid_transponder_id"": ""RFID-KDA920S"", ""gate_lane"": ""Gross Weighbridge Platform 1""}"
Q-CC12C920100C,06_gate_events.csv,GE-0005320,Gate event references quarantined or non-existent order_id 'LO-PS10-01707',RULE_ORPHANED_FOREIGN_KEY,2026-09-15T14:23:39.000822,"{""gate_event_id"": ""GE-0005320"", ""order_id"": ""LO-PS10-01707"", ""depot_id"": ""nairobi"", ""truck_id"": ""TRK-0117"", ""event_type"": ""ARRIVAL"", ""event_timestamp"": ""2026-06-26 14:22:04"", ""tare_weight_kg"": 0, ""gross_weight_kg"": 0, ""rfid_transponder_id"": ""RFID-KDJ608C"", ""gate_lane"": ""Outer Lane 1""}"
Q-E2C9F129DC0E,06_gate_events.csv,GE-0005321,Gate event references quarantined or non-existent order_id 'LO-PS10-01707',RULE_ORPHANED_FOREIGN_KEY,2026-09-15T14:23:39.000919,"{""gate_event_id"": ""GE-0005321"", ""order_id"": ""LO-PS10-01707"", ""depot_id"": ""nairobi"", ""truck_id"": ""TRK-0117"", ""event_type"": ""GATE_IN"", ""event_timestamp"": ""2026-06-26 14:28:04"", ""tare_weight_kg"": 14638, ""gross_weight_kg"": 0, ""rfid_transponder_id"": ""RFID-KDJ608C"", ""gate_lane"": ""Tare Scale 1""}"
Q-C262BC77EE51,06_gate_events.csv,GE-0005322,Gate event references quarantined or non-existent order_id 'LO-PS10-01707',RULE_ORPHANED_FOREIGN_KEY,2026-09-15T14:23:39.001007,"{""gate_event_id"": ""GE-0005322"", ""order_id"": ""LO-PS10-01707"", ""depot_id"": ""nairobi"", ""truck_id"": ""TRK-0117"", ""event_type"": ""GATE_OUT"", ""event_timestamp"": ""2026-06-26 15:41:35"", ""tare_weight_kg"": 14638, ""gross_weight_kg"": 44878, ""rfid_transponder_id"": ""RFID-KDJ608C"", ""gate_lane"": ""Gross Weighbridge Platform 2""}"
Q-C80C235B9BE2,06_gate_events.csv,GE-0005752,Gate event references quarantined or non-existent order_id 'LO-PS10-01766',RULE_ORPHANED_FOREIGN_KEY,2026-09-15T14:23:39.041196,"{""gate_event_id"": ""GE-0005752"", ""order_id"": ""LO-PS10-01766"", ""depot_id"": ""nairobi"", ""truck_id"": ""TRK-0070"", ""event_type"": ""ARRIVAL"", ""event_timestamp"": ""2026-06-28 10:27:27"", ""tare_weight_kg"": 0, ""gross_weight_kg"": 0, ""rfid_transponder_id"": ""RFID-KBY726A"", ""gate_lane"": ""Outer Lane 2""}"
Q-E7D8737E8953,06_gate_events.csv,GE-0005753,Gate event references quarantined or non-existent order_id 'LO-PS10-01766',RULE_ORPHANED_FOREIGN_KEY,2026-09-15T14:23:39.041303,"{""gate_event_id"": ""GE-0005753"", ""order_id"": ""LO-PS10-01766"", ""depot_id"": ""nairobi"", ""truck_id"": ""TRK-0070"", ""event_type"": ""GATE_IN"", ""event_timestamp"": ""2026-06-28 10:45:27"", ""tare_weight_kg"": 15553, ""gross_weight_kg"": 0, ""rfid_transponder_id"": ""RFID-KBY726A"", ""gate_lane"": ""Tare Scale 2""}"
Q-5C768516BD57,06_gate_events.csv,GE-0005754,Gate event references quarantined or non-existent order_id 'LO-PS10-01766',RULE_ORPHANED_FOREIGN_KEY,2026-09-15T14:23:39.041397,"{""gate_event_id"": ""GE-0005754"", ""order_id"": ""LO-PS10-01766"", ""depot_id"": ""nairobi"", ""truck_id"": ""TRK-0070"", ""event_type"": ""GATE_OUT"", ""event_timestamp"": ""2026-06-28 12:05:11"", ""tare_weight_kg"": 15553, ""gross_weight_kg"": 47473, ""rfid_transponder_id"": ""RFID-KBY726A"", ""gate_lane"": ""Gross Weighbridge Platform 2""}"
Q-955EB1B7D64D,06_gate_events.csv,GE-0005956,Gate event references quarantined or non-existent order_id 'LO-PS27-01229',RULE_ORPHANED_FOREIGN_KEY,2026-09-15T14:23:39.058832,"{""gate_event_id"": ""GE-0005956"", ""order_id"": ""LO-PS27-01229"", ""depot_id"": ""eldoret"", ""truck_id"": ""TRK-0514"", ""event_type"": ""ARRIVAL"", ""event_timestamp"": ""2026-06-29 17:05:04"", ""tare_weight_kg"": 0, ""gross_weight_kg"": 0, ""rfid_transponder_id"": ""RFID-KCH287F"", ""gate_lane"": ""Outer Lane 1""}"
Q-7D48B461E165,06_gate_events.csv,GE-0005957,Gate event references quarantined or non-existent order_id 'LO-PS27-01229',RULE_ORPHANED_FOREIGN_KEY,2026-09-15T14:23:39.058943,"{""gate_event_id"": ""GE-0005957"", ""order_id"": ""LO-PS27-01229"", ""depot_id"": ""eldoret"", ""truck_id"": ""TRK-0514"", ""event_type"": ""GATE_IN"", ""event_timestamp"": ""2026-06-29 17:09:04"", ""tare_weight_kg"": 12567, ""gross_weight_kg"": 0, ""rfid_transponder_id"": ""RFID-KCH287F"", ""gate_lane"": ""Tare Scale 2""}"
Q-B1D43910C9DE,06_gate_events.csv,GE-0005958,Gate event references quarantined or non-existent order_id 'LO-PS27-01229',RULE_ORPHANED_FOREIGN_KEY,2026-09-15T14:23:39.059034,"{""gate_event_id"": ""GE-0005958"", ""order_id"": ""LO-PS27-01229"", ""depot_id"": ""eldoret"", ""truck_id"": ""TRK-0514"", ""event_type"": ""GATE_OUT"", ""event_timestamp"": ""2026-06-29 18:43:53"", ""tare_weight_kg"": 12567, ""gross_weight_kg"": 35079, ""rfid_transponder_id"": ""RFID-KCH287F"", ""gate_lane"": ""Gross Weighbridge Platform 2""}"
Q-4C4480B84DF4,06_gate_events.csv,GE-0007354,Gate event references quarantined or non-existent order_id 'LO-PS10-01974',RULE_ORPHANED_FOREIGN_KEY,2026-09-15T14:23:39.341793,"{""gate_event_id"": ""GE-0007354"", ""order_id"": ""LO-PS10-01974"", ""depot_id"": ""nairobi"", ""truck_id"": ""TRK-0384"", ""event_type"": ""ARRIVAL"", ""event_timestamp"": ""2026-07-02 08:59:49"", ""tare_weight_kg"": 0, ""gross_weight_kg"": 0, ""rfid_transponder_id"": ""RFID-KDF371G"", ""gate_lane"": ""Outer Lane 3""}"
Q-4655E2C3413D,06_gate_events.csv,GE-0007355,Gate event references quarantined or non-existent order_id 'LO-PS10-01974',RULE_ORPHANED_FOREIGN_KEY,2026-09-15T14:23:39.341915,"{""gate_event_id"": ""GE-0007355"", ""order_id"": ""LO-PS10-01974"", ""depot_id"": ""nairobi"", ""truck_id"": ""TRK-0384"", ""event_type"": ""GATE_IN"", ""event_timestamp"": ""2026-07-02 09:03:49"", ""tare_weight_kg"": 12764, ""gross_weight_kg"": 0, ""rfid_transponder_id"": ""RFID-KDF371G"", ""gate_lane"": ""Tare Scale 2""}"
Q-67ABE6CCF383,06_gate_events.csv,GE-0007356,Gate event references quarantined or non-existent order_id 'LO-PS10-01974',RULE_ORPHANED_FOREIGN_KEY,2026-09-15T14:23:39.342025,"{""gate_event_id"": ""GE-0007356"", ""order_id"": ""LO-PS10-01974"", ""depot_id"": ""nairobi"", ""truck_id"": ""TRK-0384"", ""event_type"": ""GATE_OUT"", ""event_timestamp"": ""2026-07-02 10:13:21"", ""tare_weight_kg"": 12764, ""gross_weight_kg"": 36284, ""rfid_transponder_id"": ""RFID-KDF371G"", ""gate_lane"": ""Gross Weighbridge Platform 1""}"
Q-8D0F5FDBC9AF,06_gate_events.csv,GE-0007423,Gate event references quarantined or non-existent order_id 'LO-KOTPS1-01696',RULE_ORPHANED_FOREIGN_KEY,2026-09-15T14:23:39.348347,"{""gate_event_id"": ""GE-0007423"", ""order_id"": ""LO-KOTPS1-01696"", ""depot_id"": ""mombasa"", ""truck_id"": ""TRK-0709"", ""event_type"": ""ARRIVAL"", ""event_timestamp"": ""2026-07-02 08:46:46"", ""tare_weight_kg"": 0, ""gross_weight_kg"": 0, ""rfid_transponder_id"": ""RFID-KCX664Z"", ""gate_lane"": ""Outer Lane 3""}"
Q-3CD31BE9F9C9,06_gate_events.csv,GE-0007424,Gate event references quarantined or non-existent order_id 'LO-KOTPS1-01696',RULE_ORPHANED_FOREIGN_KEY,2026-09-15T14:23:39.348453,"{""gate_event_id"": ""GE-0007424"", ""order_id"": ""LO-KOTPS1-01696"", ""depot_id"": ""mombasa"", ""truck_id"": ""TRK-0709"", ""event_type"": ""GATE_IN"", ""event_timestamp"": ""2026-07-02 09:03:46"", ""tare_weight_kg"": 14612, ""gross_weight_kg"": 0, ""rfid_transponder_id"": ""RFID-KCX664Z"", ""gate_lane"": ""Tare Scale 1""}"
Q-BE2FC05B55E6,06_gate_events.csv,GE-0007425,Gate event references quarantined or non-existent order_id 'LO-KOTPS1-01696',RULE_ORPHANED_FOREIGN_KEY,2026-09-15T14:23:39.348556,"{""gate_event_id"": ""GE-0007425"", ""order_id"": ""LO-KOTPS1-01696"", ""depot_id"": ""mombasa"", ""truck_id"": ""TRK-0709"", ""event_type"": ""GATE_OUT"", ""event_timestamp"": ""2026-07-02 10:27:54"", ""tare_weight_kg"": 14612, ""gross_weight_kg"": 44852, ""rfid_transponder_id"": ""RFID-KCX664Z"", ""gate_lane"": ""Gross Weighbridge Platform 1""}"
Q-BDDBDEF3FE33,06_gate_events.csv,GE-0007903,Gate event references quarantined or non-existent order_id 'LO-PS27-01312',RULE_ORPHANED_FOREIGN_KEY,2026-09-15T14:23:39.392497,"{""gate_event_id"": ""GE-0007903"", ""order_id"": ""LO-PS27-01312"", ""depot_id"": ""eldoret"", ""truck_id"": ""TRK-0202"", ""event_type"": ""ARRIVAL"", ""event_timestamp"": ""2026-07-04 10:49:59"", ""tare_weight_kg"": 0, ""gross_weight_kg"": 0, ""rfid_transponder_id"": ""RFID-KDX322J"", ""gate_lane"": ""Outer Lane 2""}"
Q-83331F7254B2,06_gate_events.csv,GE-0007904,Gate event references quarantined or non-existent order_id 'LO-PS27-01312',RULE_ORPHANED_FOREIGN_KEY,2026-09-15T14:23:39.392594,"{""gate_event_id"": ""GE-0007904"", ""order_id"": ""LO-PS27-01312"", ""depot_id"": ""eldoret"", ""truck_id"": ""TRK-0202"", ""event_type"": ""GATE_IN"", ""event_timestamp"": ""2026-07-04 10:59:59"", ""tare_weight_kg"": 13879, ""gross_weight_kg"": 0, ""rfid_transponder_id"": ""RFID-KDX322J"", ""gate_lane"": ""Tare Scale 2""}"
Q-147E9F74CEFD,06_gate_events.csv,GE-0007905,Gate event references quarantined or non-existent order_id 'LO-PS27-01312',RULE_ORPHANED_FOREIGN_KEY,2026-09-15T14:23:39.392683,"{""gate_event_id"": ""GE-0007905"", ""order_id"": ""LO-PS27-01312"", ""depot_id"": ""eldoret"", ""truck_id"": ""TRK-0202"", ""event_type"": ""GATE_OUT"", ""event_timestamp"": ""2026-07-04 12:36:46"", ""tare_weight_kg"": 13879, ""gross_weight_kg"": 37719, ""rfid_transponder_id"": ""RFID-KDX322J"", ""gate_lane"": ""Gross Weighbridge Platform 1""}"
Q-1FCA600ACF90,06_gate_events.csv,GE-0008092,Gate event references quarantined or non-existent order_id 'LO-KOTPS1-01768',RULE_ORPHANED_FOREIGN_KEY,2026-09-15T14:23:39.408121,"{""gate_event_id"": ""GE-0008092"", ""order_id"": ""LO-KOTPS1-01768"", ""depot_id"": ""mombasa"", ""truck_id"": ""TRK-0477"", ""event_type"": ""ARRIVAL"", ""event_timestamp"": ""2026-07-05 18:01:04"", ""tare_weight_kg"": 0, ""gross_weight_kg"": 0, ""rfid_transponder_id"": ""RFID-KCF985D"", ""gate_lane"": ""Outer Lane 2""}"
Q-B783AFD613DD,06_gate_events.csv,GE-0008093,Gate event references quarantined or non-existent order_id 'LO-KOTPS1-01768',RULE_ORPHANED_FOREIGN_KEY,2026-09-15T14:23:39.408224,"{""gate_event_id"": ""GE-0008093"", ""order_id"": ""LO-KOTPS1-01768"", ""depot_id"": ""mombasa"", ""truck_id"": ""TRK-0477"", ""event_type"": ""GATE_IN"", ""event_timestamp"": ""2026-07-05 18:11:04"", ""tare_weight_kg"": 14924, ""gross_weight_kg"": 0, ""rfid_transponder_id"": ""RFID-KCF985D"", ""gate_lane"": ""Tare Scale 2""}"
Q-FFA91C7A9637,06_gate_events.csv,GE-0008094,Gate event references quarantined or non-existent order_id 'LO-KOTPS1-01768',RULE_ORPHANED_FOREIGN_KEY,2026-09-15T14:23:39.408318,"{""gate_event_id"": ""GE-0008094"", ""order_id"": ""LO-KOTPS1-01768"", ""depot_id"": ""mombasa"", ""truck_id"": ""TRK-0477"", ""event_type"": ""GATE_OUT"", ""event_timestamp"": ""2026-07-05 19:57:55"", ""tare_weight_kg"": 14924, ""gross_weight_kg"": 43544, ""rfid_transponder_id"": ""RFID-KCF985D"", ""gate_lane"": ""Gross Weighbridge Platform 2""}"
Q-D560AB00DA58,06_gate_events.csv,GE-0008857,Gate event references quarantined or non-existent order_id 'LO-KOTPS1-01848',RULE_ORPHANED_FOREIGN_KEY,2026-09-15T14:23:39.470789,"{""gate_event_id"": ""GE-0008857"", ""order_id"": ""LO-KOTPS1-01848"", ""depot_id"": ""mombasa"", ""truck_id"": ""TRK-0083"", ""event_type"": ""ARRIVAL"", ""event_timestamp"": ""2026-07-07 12:22:04"", ""tare_weight_kg"": 0, ""gross_weight_kg"": 0, ""rfid_transponder_id"": ""RFID-KDR647Z"", ""gate_lane"": ""Outer Lane 1""}"
Q-D2353A007D7E,06_gate_events.csv,GE-0008858,Gate event references quarantined or non-existent order_id 'LO-KOTPS1-01848',RULE_ORPHANED_FOREIGN_KEY,2026-09-15T14:23:39.470886,"{""gate_event_id"": ""GE-0008858"", ""order_id"": ""LO-KOTPS1-01848"", ""depot_id"": ""mombasa"", ""truck_id"": ""TRK-0083"", ""event_type"": ""GATE_IN"", ""event_timestamp"": ""2026-07-07 12:35:04"", ""tare_weight_kg"": 14586, ""gross_weight_kg"": 0, ""rfid_transponder_id"": ""RFID-KDR647Z"", ""gate_lane"": ""Tare Scale 2""}"
Q-5BD8F2C8ADD4,06_gate_events.csv,GE-0008859,Gate event references quarantined or non-existent order_id 'LO-KOTPS1-01848',RULE_ORPHANED_FOREIGN_KEY,2026-09-15T14:23:39.470976,"{""gate_event_id"": ""GE-0008859"", ""order_id"": ""LO-KOTPS1-01848"", ""depot_id"": ""mombasa"", ""truck_id"": ""TRK-0083"", ""event_type"": ""GATE_OUT"", ""event_timestamp"": ""2026-07-07 13:53:02"", ""tare_weight_kg"": 14586, ""gross_weight_kg"": 43146, ""rfid_transponder_id"": ""RFID-KDR647Z"", ""gate_lane"": ""Gross Weighbridge Platform 1""}"
Q-DC9C12584944,06_gate_events.csv,GE-0009637,Gate event references quarantined or non-existent order_id 'LO-KOTPS1-01929',RULE_ORPHANED_FOREIGN_KEY,2026-09-15T14:23:39.549396,"{""gate_event_id"": ""GE-0009637"", ""order_id"": ""LO-KOTPS1-01929"", ""depot_id"": ""mombasa"", ""truck_id"": ""TRK-0077"", ""event_type"": ""ARRIVAL"", ""event_timestamp"": ""2026-07-09 08:36:47"", ""tare_weight_kg"": 0, ""gross_weight_kg"": 0, ""rfid_transponder_id"": ""RFID-KCB748G"", ""gate_lane"": ""Outer Lane 2""}"
Q-2EE1880E2AED,06_gate_events.csv,GE-0009638,Gate event references quarantined or non-existent order_id 'LO-KOTPS1-01929',RULE_ORPHANED_FOREIGN_KEY,2026-09-15T14:23:39.549512,"{""gate_event_id"": ""GE-0009638"", ""order_id"": ""LO-KOTPS1-01929"", ""depot_id"": ""mombasa"", ""truck_id"": ""TRK-0077"", ""event_type"": ""GATE_IN"", ""event_timestamp"": ""2026-07-09 08:50:47"", ""tare_weight_kg"": 16382, ""gross_weight_kg"": 0, ""rfid_transponder_id"": ""RFID-KCB748G"", ""gate_lane"": ""Tare Scale 1""}"
Q-4AEEB9E284DB,06_gate_events.csv,GE-0009639,Gate event references quarantined or non-existent order_id 'LO-KOTPS1-01929',RULE_ORPHANED_FOREIGN_KEY,2026-09-15T14:23:39.549628,"{""gate_event_id"": ""GE-0009639"", ""order_id"": ""LO-KOTPS1-01929"", ""depot_id"": ""mombasa"", ""truck_id"": ""TRK-0077"", ""event_type"": ""GATE_OUT"", ""event_timestamp"": ""2026-07-09 10:03:53"", ""tare_weight_kg"": 16382, ""gross_weight_kg"": 46182, ""rfid_transponder_id"": ""RFID-KCB748G"", ""gate_lane"": ""Gross Weighbridge Platform 1""}"
Q-A7EFF2242CD3,06_gate_events.csv,GE-0010198,Gate event references quarantined or non-existent order_id 'LO-PS10-02336',RULE_ORPHANED_FOREIGN_KEY,2026-09-15T14:23:39.596585,"{""gate_event_id"": ""GE-0010198"", ""order_id"": ""LO-PS10-02336"", ""depot_id"": ""nairobi"", ""truck_id"": ""TRK-0323"", ""event_type"": ""ARRIVAL"", ""event_timestamp"": ""2026-07-11 10:41:03"", ""tare_weight_kg"": 0, ""gross_weight_kg"": 0, ""rfid_transponder_id"": ""RFID-KDU558L"", ""gate_lane"": ""Outer Lane 1""}"
Q-EC3825E80394,06_gate_events.csv,GE-0010199,Gate event references quarantined or non-existent order_id 'LO-PS10-02336',RULE_ORPHANED_FOREIGN_KEY,2026-09-15T14:23:39.596682,"{""gate_event_id"": ""GE-0010199"", ""order_id"": ""LO-PS10-02336"", ""depot_id"": ""nairobi"", ""truck_id"": ""TRK-0323"", ""event_type"": ""GATE_IN"", ""event_timestamp"": ""2026-07-11 10:50:03"", ""tare_weight_kg"": 13591, ""gross_weight_kg"": 0, ""rfid_transponder_id"": ""RFID-KDU558L"", ""gate_lane"": ""Tare Scale 1""}"
Q-CC455C9E67A7,06_gate_events.csv,GE-0010200,Gate event references quarantined or non-existent order_id 'LO-PS10-02336',RULE_ORPHANED_FOREIGN_KEY,2026-09-15T14:23:39.596776,"{""gate_event_id"": ""GE-0010200"", ""order_id"": ""LO-PS10-02336"", ""depot_id"": ""nairobi"", ""truck_id"": ""TRK-0323"", ""event_type"": ""GATE_OUT"", ""event_timestamp"": ""2026-07-11 12:07:25"", ""tare_weight_kg"": 13591, ""gross_weight_kg"": 39319, ""rfid_transponder_id"": ""RFID-KDU558L"", ""gate_lane"": ""Gross Weighbridge Platform 1""}"
Q-BBE13C49DFC8,06_gate_events.csv,GE-0011062,Gate event references quarantined or non-existent order_id 'LO-PS25-01550',RULE_ORPHANED_FOREIGN_KEY,2026-09-15T14:23:39.669543,"{""gate_event_id"": ""GE-0011062"", ""order_id"": ""LO-PS25-01550"", ""depot_id"": ""nakuru"", ""truck_id"": ""TRK-0292"", ""event_type"": ""ARRIVAL"", ""event_timestamp"": ""2026-07-14 11:44:55"", ""tare_weight_kg"": 0, ""gross_weight_kg"": 0, ""rfid_transponder_id"": ""RFID-KBH709N"", ""gate_lane"": ""Outer Lane 2""}"
Q-4065173F18E7,06_gate_events.csv,GE-0011063,Gate event references quarantined or non-existent order_id 'LO-PS25-01550',RULE_ORPHANED_FOREIGN_KEY,2026-09-15T14:23:39.669639,"{""gate_event_id"": ""GE-0011063"", ""order_id"": ""LO-PS25-01550"", ""depot_id"": ""nakuru"", ""truck_id"": ""TRK-0292"", ""event_type"": ""GATE_IN"", ""event_timestamp"": ""2026-07-14 11:53:55"", ""tare_weight_kg"": 16529, ""gross_weight_kg"": 0, ""rfid_transponder_id"": ""RFID-KBH709N"", ""gate_lane"": ""Tare Scale 1""}"
Q-8BC4C4446829,06_gate_events.csv,GE-0011064,Gate event references quarantined or non-existent order_id 'LO-PS25-01550',RULE_ORPHANED_FOREIGN_KEY,2026-09-15T14:23:39.669727,"{""gate_event_id"": ""GE-0011064"", ""order_id"": ""LO-PS25-01550"", ""depot_id"": ""nakuru"", ""truck_id"": ""TRK-0292"", ""event_type"": ""GATE_OUT"", ""event_timestamp"": ""2026-07-14 13:19:10"", ""tare_weight_kg"": 16529, ""gross_weight_kg"": 50129, ""rfid_transponder_id"": ""RFID-KBH709N"", ""gate_lane"": ""Gross Weighbridge Platform 1""}"
Q-7AF93E93612E,06_gate_events.csv,GE-0011584,Gate event references quarantined or non-existent order_id 'LO-PS27-01451',RULE_ORPHANED_FOREIGN_KEY,2026-09-15T14:23:39.711838,"{""gate_event_id"": ""GE-0011584"", ""order_id"": ""LO-PS27-01451"", ""depot_id"": ""eldoret"", ""truck_id"": ""TRK-0010"", ""event_type"": ""ARRIVAL"", ""event_timestamp"": ""2026-07-15 12:26:09"", ""tare_weight_kg"": 0, ""gross_weight_kg"": 0, ""rfid_transponder_id"": ""RFID-KBF545W"", ""gate_lane"": ""Outer Lane 2""}"
Q-18D18207D9B7,06_gate_events.csv,GE-0011585,Gate event references quarantined or non-existent order_id 'LO-PS27-01451',RULE_ORPHANED_FOREIGN_KEY,2026-09-15T14:23:39.711938,"{""gate_event_id"": ""GE-0011585"", ""order_id"": ""LO-PS27-01451"", ""depot_id"": ""eldoret"", ""truck_id"": ""TRK-0010"", ""event_type"": ""GATE_IN"", ""event_timestamp"": ""2026-07-15 12:36:09"", ""tare_weight_kg"": 14055, ""gross_weight_kg"": 0, ""rfid_transponder_id"": ""RFID-KBF545W"", ""gate_lane"": ""Tare Scale 1""}"
Q-0BBF0E711B80,06_gate_events.csv,GE-0011586,Gate event references quarantined or non-existent order_id 'LO-PS27-01451',RULE_ORPHANED_FOREIGN_KEY,2026-09-15T14:23:39.712028,"{""gate_event_id"": ""GE-0011586"", ""order_id"": ""LO-PS27-01451"", ""depot_id"": ""eldoret"", ""truck_id"": ""TRK-0010"", ""event_type"": ""GATE_OUT"", ""event_timestamp"": ""2026-07-15 14:38:54"", ""tare_weight_kg"": 14055, ""gross_weight_kg"": 41085, ""rfid_transponder_id"": ""RFID-KBF545W"", ""gate_lane"": ""Gross Weighbridge Platform 1""}"
Q-C86B1CBE2137,06_gate_events.csv,GE-0013453,Gate event references quarantined or non-existent order_id 'LO-PS28-01377',RULE_ORPHANED_FOREIGN_KEY,2026-09-15T14:23:40.051756,"{""gate_event_id"": ""GE-0013453"", ""order_id"": ""LO-PS28-01377"", ""depot_id"": ""kisumu"", ""truck_id"": ""TRK-0652"", ""event_type"": ""ARRIVAL"", ""event_timestamp"": ""2026-07-21 16:39:10"", ""tare_weight_kg"": 0, ""gross_weight_kg"": 0, ""rfid_transponder_id"": ""RFID-KDV660A"", ""gate_lane"": ""Outer Lane 3""}"
Q-601065E4DD3E,06_gate_events.csv,GE-0013454,Gate event references quarantined or non-existent order_id 'LO-PS28-01377',RULE_ORPHANED_FOREIGN_KEY,2026-09-15T14:23:40.051940,"{""gate_event_id"": ""GE-0013454"", ""order_id"": ""LO-PS28-01377"", ""depot_id"": ""kisumu"", ""truck_id"": ""TRK-0652"", ""event_type"": ""GATE_IN"", ""event_timestamp"": ""2026-07-21 16:54:10"", ""tare_weight_kg"": 13179, ""gross_weight_kg"": 0, ""rfid_transponder_id"": ""RFID-KDV660A"", ""gate_lane"": ""Tare Scale 2""}"
Q-82756C065F84,06_gate_events.csv,GE-0013455,Gate event references quarantined or non-existent order_id 'LO-PS28-01377',RULE_ORPHANED_FOREIGN_KEY,2026-09-15T14:23:40.052043,"{""gate_event_id"": ""GE-0013455"", ""order_id"": ""LO-PS28-01377"", ""depot_id"": ""kisumu"", ""truck_id"": ""TRK-0652"", ""event_type"": ""GATE_OUT"", ""event_timestamp"": ""2026-07-21 18:02:26"", ""tare_weight_kg"": 13179, ""gross_weight_kg"": 36699, ""rfid_transponder_id"": ""RFID-KDV660A"", ""gate_lane"": ""Gross Weighbridge Platform 1""}"
Q-3EA813CE224A,06_gate_events.csv,GE-0015304,Gate event references quarantined or non-existent order_id 'LO-KOTPS1-02464',RULE_ORPHANED_FOREIGN_KEY,2026-09-15T14:23:40.203217,"{""gate_event_id"": ""GE-0015304"", ""order_id"": ""LO-KOTPS1-02464"", ""depot_id"": ""mombasa"", ""truck_id"": ""TRK-0679"", ""event_type"": ""ARRIVAL"", ""event_timestamp"": ""2026-07-27 10:23:06"", ""tare_weight_kg"": 0, ""gross_weight_kg"": 0, ""rfid_transponder_id"": ""RFID-KCB263L"", ""gate_lane"": ""Outer Lane 2""}"
Q-A96AA62F860C,06_gate_events.csv,GE-0015305,Gate event references quarantined or non-existent order_id 'LO-KOTPS1-02464',RULE_ORPHANED_FOREIGN_KEY,2026-09-15T14:23:40.203345,"{""gate_event_id"": ""GE-0015305"", ""order_id"": ""LO-KOTPS1-02464"", ""depot_id"": ""mombasa"", ""truck_id"": ""TRK-0679"", ""event_type"": ""GATE_IN"", ""event_timestamp"": ""2026-07-27 10:33:06"", ""tare_weight_kg"": 12899, ""gross_weight_kg"": 0, ""rfid_transponder_id"": ""RFID-KCB263L"", ""gate_lane"": ""Tare Scale 1""}"
Q-EE6B2EE3533D,06_gate_events.csv,GE-0015306,Gate event references quarantined or non-existent order_id 'LO-KOTPS1-02464',RULE_ORPHANED_FOREIGN_KEY,2026-09-15T14:23:40.203434,"{""gate_event_id"": ""GE-0015306"", ""order_id"": ""LO-KOTPS1-02464"", ""depot_id"": ""mombasa"", ""truck_id"": ""TRK-0679"", ""event_type"": ""GATE_OUT"", ""event_timestamp"": ""2026-07-27 11:50:33"", ""tare_weight_kg"": 12899, ""gross_weight_kg"": 33759, ""rfid_transponder_id"": ""RFID-KCB263L"", ""gate_lane"": ""Gross Weighbridge Platform 1""}"
Q-9BF119B9CA7A,06_gate_events.csv,GE-0017551,Gate event references quarantined or non-existent order_id 'LO-KOTPS1-02662',RULE_ORPHANED_FOREIGN_KEY,2026-09-15T14:23:40.402482,"{""gate_event_id"": ""GE-0017551"", ""order_id"": ""LO-KOTPS1-02662"", ""depot_id"": ""mombasa"", ""truck_id"": ""TRK-0289"", ""event_type"": ""ARRIVAL"", ""event_timestamp"": ""2026-08-03 14:59:35"", ""tare_weight_kg"": 0, ""gross_weight_kg"": 0, ""rfid_transponder_id"": ""RFID-KBQ898J"", ""gate_lane"": ""Outer Lane 1""}"
Q-177AEF0B16CC,06_gate_events.csv,GE-0017552,Gate event references quarantined or non-existent order_id 'LO-KOTPS1-02662',RULE_ORPHANED_FOREIGN_KEY,2026-09-15T14:23:40.402588,"{""gate_event_id"": ""GE-0017552"", ""order_id"": ""LO-KOTPS1-02662"", ""depot_id"": ""mombasa"", ""truck_id"": ""TRK-0289"", ""event_type"": ""GATE_IN"", ""event_timestamp"": ""2026-08-03 15:16:35"", ""tare_weight_kg"": 15394, ""gross_weight_kg"": 0, ""rfid_transponder_id"": ""RFID-KBQ898J"", ""gate_lane"": ""Tare Scale 1""}"
Q-55A7ED62B9BA,06_gate_events.csv,GE-0017553,Gate event references quarantined or non-existent order_id 'LO-KOTPS1-02662',RULE_ORPHANED_FOREIGN_KEY,2026-09-15T14:23:40.402682,"{""gate_event_id"": ""GE-0017553"", ""order_id"": ""LO-KOTPS1-02662"", ""depot_id"": ""mombasa"", ""truck_id"": ""TRK-0289"", ""event_type"": ""GATE_OUT"", ""event_timestamp"": ""2026-08-03 16:28:26"", ""tare_weight_kg"": 15394, ""gross_weight_kg"": 43704, ""rfid_transponder_id"": ""RFID-KBQ898J"", ""gate_lane"": ""Gross Weighbridge Platform 1""}"
Q-ED571072E166,06_gate_events.csv,GE-0017845,Gate event references quarantined or non-existent order_id 'LO-PS10-03371',RULE_ORPHANED_FOREIGN_KEY,2026-09-15T14:23:40.427462,"{""gate_event_id"": ""GE-0017845"", ""order_id"": ""LO-PS10-03371"", ""depot_id"": ""nairobi"", ""truck_id"": ""TRK-0743"", ""event_type"": ""ARRIVAL"", ""event_timestamp"": ""2026-08-04 10:45:44"", ""tare_weight_kg"": 0, ""gross_weight_kg"": 0, ""rfid_transponder_id"": ""RFID-KBT881X"", ""gate_lane"": ""Outer Lane 2""}"
Q-2EC19086AF4D,06_gate_events.csv,GE-0017846,Gate event references quarantined or non-existent order_id 'LO-PS10-03371',RULE_ORPHANED_FOREIGN_KEY,2026-09-15T14:23:40.427563,"{""gate_event_id"": ""GE-0017846"", ""order_id"": ""LO-PS10-03371"", ""depot_id"": ""nairobi"", ""truck_id"": ""TRK-0743"", ""event_type"": ""GATE_IN"", ""event_timestamp"": ""2026-08-04 10:58:44"", ""tare_weight_kg"": 15640, ""gross_weight_kg"": 0, ""rfid_transponder_id"": ""RFID-KBT881X"", ""gate_lane"": ""Tare Scale 2""}"
Q-D0FAF30BAED7,06_gate_events.csv,GE-0017847,Gate event references quarantined or non-existent order_id 'LO-PS10-03371',RULE_ORPHANED_FOREIGN_KEY,2026-09-15T14:23:40.427786,"{""gate_event_id"": ""GE-0017847"", ""order_id"": ""LO-PS10-03371"", ""depot_id"": ""nairobi"", ""truck_id"": ""TRK-0743"", ""event_type"": ""GATE_OUT"", ""event_timestamp"": ""2026-08-04 12:39:07"", ""tare_weight_kg"": 15640, ""gross_weight_kg"": 43950, ""rfid_transponder_id"": ""RFID-KBT881X"", ""gate_lane"": ""Gross Weighbridge Platform 1""}"
Q-26CACFE2612B,06_gate_events.csv,GE-0017944,Gate event references quarantined or non-existent order_id 'LO-PS10-03382',RULE_ORPHANED_FOREIGN_KEY,2026-09-15T14:23:40.436251,"{""gate_event_id"": ""GE-0017944"", ""order_id"": ""LO-PS10-03382"", ""depot_id"": ""nairobi"", ""truck_id"": ""TRK-0548"", ""event_type"": ""ARRIVAL"", ""event_timestamp"": ""2026-08-04 11:30:39"", ""tare_weight_kg"": 0, ""gross_weight_kg"": 0, ""rfid_transponder_id"": ""RFID-KDC748L"", ""gate_lane"": ""Outer Lane 1""}"
Q-223BD984B750,06_gate_events.csv,GE-0017945,Gate event references quarantined or non-existent order_id 'LO-PS10-03382',RULE_ORPHANED_FOREIGN_KEY,2026-09-15T14:23:40.436368,"{""gate_event_id"": ""GE-0017945"", ""order_id"": ""LO-PS10-03382"", ""depot_id"": ""nairobi"", ""truck_id"": ""TRK-0548"", ""event_type"": ""GATE_IN"", ""event_timestamp"": ""2026-08-04 11:43:39"", ""tare_weight_kg"": 16121, ""gross_weight_kg"": 0, ""rfid_transponder_id"": ""RFID-KDC748L"", ""gate_lane"": ""Tare Scale 1""}"
Q-D311FBF1E250,06_gate_events.csv,GE-0017946,Gate event references quarantined or non-existent order_id 'LO-PS10-03382',RULE_ORPHANED_FOREIGN_KEY,2026-09-15T14:23:40.436461,"{""gate_event_id"": ""GE-0017946"", ""order_id"": ""LO-PS10-03382"", ""depot_id"": ""nairobi"", ""truck_id"": ""TRK-0548"", ""event_type"": ""GATE_OUT"", ""event_timestamp"": ""2026-08-04 13:00:53"", ""tare_weight_kg"": 16121, ""gross_weight_kg"": 49721, ""rfid_transponder_id"": ""RFID-KDC748L"", ""gate_lane"": ""Gross Weighbridge Platform 2""}"
Q-807FED1C8B76,06_gate_events.csv,GE-0018385,Gate event references quarantined or non-existent order_id 'LO-PS25-01923',RULE_ORPHANED_FOREIGN_KEY,2026-09-15T14:23:40.472689,"{""gate_event_id"": ""GE-0018385"", ""order_id"": ""LO-PS25-01923"", ""depot_id"": ""nakuru"", ""truck_id"": ""TRK-0008"", ""event_type"": ""ARRIVAL"", ""event_timestamp"": ""2026-08-05 08:32:48"", ""tare_weight_kg"": 0, ""gross_weight_kg"": 0, ""rfid_transponder_id"": ""RFID-KBX921M"", ""gate_lane"": ""Outer Lane 2""}"
Q-69524EEFAC73,06_gate_events.csv,GE-0018386,Gate event references quarantined or non-existent order_id 'LO-PS25-01923',RULE_ORPHANED_FOREIGN_KEY,2026-09-15T14:23:40.472810,"{""gate_event_id"": ""GE-0018386"", ""order_id"": ""LO-PS25-01923"", ""depot_id"": ""nakuru"", ""truck_id"": ""TRK-0008"", ""event_type"": ""GATE_IN"", ""event_timestamp"": ""2026-08-05 08:43:48"", ""tare_weight_kg"": 13603, ""gross_weight_kg"": 0, ""rfid_transponder_id"": ""RFID-KBX921M"", ""gate_lane"": ""Tare Scale 1""}"
Q-C649B17514FA,06_gate_events.csv,GE-0018387,Gate event references quarantined or non-existent order_id 'LO-PS25-01923',RULE_ORPHANED_FOREIGN_KEY,2026-09-15T14:23:40.472900,"{""gate_event_id"": ""GE-0018387"", ""order_id"": ""LO-PS25-01923"", ""depot_id"": ""nakuru"", ""truck_id"": ""TRK-0008"", ""event_type"": ""GATE_OUT"", ""event_timestamp"": ""2026-08-05 09:50:04"", ""tare_weight_kg"": 13603, ""gross_weight_kg"": 37443, ""rfid_transponder_id"": ""RFID-KBX921M"", ""gate_lane"": ""Gross Weighbridge Platform 1""}"
Q-623508D266F9,06_gate_events.csv,GE-0019390,Gate event references quarantined or non-existent order_id 'LO-PS10-03584',RULE_ORPHANED_FOREIGN_KEY,2026-09-15T14:23:40.571776,"{""gate_event_id"": ""GE-0019390"", ""order_id"": ""LO-PS10-03584"", ""depot_id"": ""nairobi"", ""truck_id"": ""TRK-0116"", ""event_type"": ""ARRIVAL"", ""event_timestamp"": ""2026-08-08 12:46:05"", ""tare_weight_kg"": 0, ""gross_weight_kg"": 0, ""rfid_transponder_id"": ""RFID-KDL137A"", ""gate_lane"": ""Outer Lane 1""}"
Q-AD40D2707896,06_gate_events.csv,GE-0019391,Gate event references quarantined or non-existent order_id 'LO-PS10-03584',RULE_ORPHANED_FOREIGN_KEY,2026-09-15T14:23:40.571903,"{""gate_event_id"": ""GE-0019391"", ""order_id"": ""LO-PS10-03584"", ""depot_id"": ""nairobi"", ""truck_id"": ""TRK-0116"", ""event_type"": ""GATE_IN"", ""event_timestamp"": ""2026-08-08 13:03:05"", ""tare_weight_kg"": 15060, ""gross_weight_kg"": 0, ""rfid_transponder_id"": ""RFID-KDL137A"", ""gate_lane"": ""Tare Scale 2""}"
Q-84D3EF679F32,06_gate_events.csv,GE-0019392,Gate event references quarantined or non-existent order_id 'LO-PS10-03584',RULE_ORPHANED_FOREIGN_KEY,2026-09-15T14:23:40.572001,"{""gate_event_id"": ""GE-0019392"", ""order_id"": ""LO-PS10-03584"", ""depot_id"": ""nairobi"", ""truck_id"": ""TRK-0116"", ""event_type"": ""GATE_OUT"", ""event_timestamp"": ""2026-08-08 13:50:02"", ""tare_weight_kg"": 15060, ""gross_weight_kg"": 15060, ""rfid_transponder_id"": ""RFID-KDL137A"", ""gate_lane"": ""Rejection Exit Lane""}"
Q-25BC81319281,06_gate_events.csv,GE-0019717,Gate event references quarantined or non-existent order_id 'LO-PS10-03619',RULE_ORPHANED_FOREIGN_KEY,2026-09-15T14:23:40.598351,"{""gate_event_id"": ""GE-0019717"", ""order_id"": ""LO-PS10-03619"", ""depot_id"": ""nairobi"", ""truck_id"": ""TRK-0361"", ""event_type"": ""ARRIVAL"", ""event_timestamp"": ""2026-08-10 11:35:19"", ""tare_weight_kg"": 0, ""gross_weight_kg"": 0, ""rfid_transponder_id"": ""RFID-KCZ489D"", ""gate_lane"": ""Outer Lane 1""}"
Q-06B828A268E6,06_gate_events.csv,GE-0019718,Gate event references quarantined or non-existent order_id 'LO-PS10-03619',RULE_ORPHANED_FOREIGN_KEY,2026-09-15T14:23:40.598447,"{""gate_event_id"": ""GE-0019718"", ""order_id"": ""LO-PS10-03619"", ""depot_id"": ""nairobi"", ""truck_id"": ""TRK-0361"", ""event_type"": ""GATE_IN"", ""event_timestamp"": ""2026-08-10 11:46:19"", ""tare_weight_kg"": 13530, ""gross_weight_kg"": 0, ""rfid_transponder_id"": ""RFID-KCZ489D"", ""gate_lane"": ""Tare Scale 1""}"
Q-BAE5251B5CD6,06_gate_events.csv,GE-0019719,Gate event references quarantined or non-existent order_id 'LO-PS10-03619',RULE_ORPHANED_FOREIGN_KEY,2026-09-15T14:23:40.598535,"{""gate_event_id"": ""GE-0019719"", ""order_id"": ""LO-PS10-03619"", ""depot_id"": ""nairobi"", ""truck_id"": ""TRK-0361"", ""event_type"": ""GATE_OUT"", ""event_timestamp"": ""2026-08-10 13:20:05"", ""tare_weight_kg"": 13530, ""gross_weight_kg"": 37370, ""rfid_transponder_id"": ""RFID-KCZ489D"", ""gate_lane"": ""Gross Weighbridge Platform 2""}"
Q-ED647484101D,06_gate_events.csv,GE-0019741,Gate event references quarantined or non-existent order_id 'LO-PS27-01773',RULE_ORPHANED_FOREIGN_KEY,2026-09-15T14:23:40.600310,"{""gate_event_id"": ""GE-0019741"", ""order_id"": ""LO-PS27-01773"", ""depot_id"": ""eldoret"", ""truck_id"": ""TRK-0308"", ""event_type"": ""ARRIVAL"", ""event_timestamp"": ""2026-08-10 10:09:25"", ""tare_weight_kg"": 0, ""gross_weight_kg"": 0, ""rfid_transponder_id"": ""RFID-KBN563E"", ""gate_lane"": ""Outer Lane 2""}"
Q-1D7C884C52D2,06_gate_events.csv,GE-0019742,Gate event references quarantined or non-existent order_id 'LO-PS27-01773',RULE_ORPHANED_FOREIGN_KEY,2026-09-15T14:23:40.600400,"{""gate_event_id"": ""GE-0019742"", ""order_id"": ""LO-PS27-01773"", ""depot_id"": ""eldoret"", ""truck_id"": ""TRK-0308"", ""event_type"": ""GATE_IN"", ""event_timestamp"": ""2026-08-10 10:23:25"", ""tare_weight_kg"": 13057, ""gross_weight_kg"": 0, ""rfid_transponder_id"": ""RFID-KBN563E"", ""gate_lane"": ""Tare Scale 1""}"
Q-D896A64FFA12,06_gate_events.csv,GE-0019743,Gate event references quarantined or non-existent order_id 'LO-PS27-01773',RULE_ORPHANED_FOREIGN_KEY,2026-09-15T14:23:40.600491,"{""gate_event_id"": ""GE-0019743"", ""order_id"": ""LO-PS27-01773"", ""depot_id"": ""eldoret"", ""truck_id"": ""TRK-0308"", ""event_type"": ""GATE_OUT"", ""event_timestamp"": ""2026-08-10 12:01:27"", ""tare_weight_kg"": 13057, ""gross_weight_kg"": 33917, ""rfid_transponder_id"": ""RFID-KBN563E"", ""gate_lane"": ""Gross Weighbridge Platform 1""}"
Q-31CAC6AE0FEE,06_gate_events.csv,GE-0019768,Gate event references quarantined or non-existent order_id 'LO-PS10-03626',RULE_ORPHANED_FOREIGN_KEY,2026-09-15T14:23:40.602532,"{""gate_event_id"": ""GE-0019768"", ""order_id"": ""LO-PS10-03626"", ""depot_id"": ""nairobi"", ""truck_id"": ""TRK-0067"", ""event_type"": ""ARRIVAL"", ""event_timestamp"": ""2026-08-10 11:24:13"", ""tare_weight_kg"": 0, ""gross_weight_kg"": 0, ""rfid_transponder_id"": ""RFID-KCH721M"", ""gate_lane"": ""Outer Lane 3""}"
Q-F58F14B562EF,06_gate_events.csv,GE-0019769,Gate event references quarantined or non-existent order_id 'LO-PS10-03626',RULE_ORPHANED_FOREIGN_KEY,2026-09-15T14:23:40.602620,"{""gate_event_id"": ""GE-0019769"", ""order_id"": ""LO-PS10-03626"", ""depot_id"": ""nairobi"", ""truck_id"": ""TRK-0067"", ""event_type"": ""GATE_IN"", ""event_timestamp"": ""2026-08-10 11:34:13"", ""tare_weight_kg"": 15979, ""gross_weight_kg"": 0, ""rfid_transponder_id"": ""RFID-KCH721M"", ""gate_lane"": ""Tare Scale 2""}"
Q-C408CFD28D7F,06_gate_events.csv,GE-0019770,Gate event references quarantined or non-existent order_id 'LO-PS10-03626',RULE_ORPHANED_FOREIGN_KEY,2026-09-15T14:23:40.602708,"{""gate_event_id"": ""GE-0019770"", ""order_id"": ""LO-PS10-03626"", ""depot_id"": ""nairobi"", ""truck_id"": ""TRK-0067"", ""event_type"": ""GATE_OUT"", ""event_timestamp"": ""2026-08-10 13:06:54"", ""tare_weight_kg"": 15979, ""gross_weight_kg"": 49579, ""rfid_transponder_id"": ""RFID-KCH721M"", ""gate_lane"": ""Gross Weighbridge Platform 2""}"
Q-0EDDBC5F190D,06_gate_events.csv,GE-0019855,Gate event references quarantined or non-existent order_id 'LO-KOTPS1-02876',RULE_ORPHANED_FOREIGN_KEY,2026-09-15T14:23:40.610089,"{""gate_event_id"": ""GE-0019855"", ""order_id"": ""LO-KOTPS1-02876"", ""depot_id"": ""mombasa"", ""truck_id"": ""TRK-0235"", ""event_type"": ""ARRIVAL"", ""event_timestamp"": ""2026-08-10 16:11:48"", ""tare_weight_kg"": 0, ""gross_weight_kg"": 0, ""rfid_transponder_id"": ""RFID-KCP280G"", ""gate_lane"": ""Outer Lane 3""}"
Q-DDCDF7B6BA51,06_gate_events.csv,GE-0019856,Gate event references quarantined or non-existent order_id 'LO-KOTPS1-02876',RULE_ORPHANED_FOREIGN_KEY,2026-09-15T14:23:40.610239,"{""gate_event_id"": ""GE-0019856"", ""order_id"": ""LO-KOTPS1-02876"", ""depot_id"": ""mombasa"", ""truck_id"": ""TRK-0235"", ""event_type"": ""GATE_IN"", ""event_timestamp"": ""2026-08-10 16:28:48"", ""tare_weight_kg"": 15508, ""gross_weight_kg"": 0, ""rfid_transponder_id"": ""RFID-KCP280G"", ""gate_lane"": ""Tare Scale 1""}"
Q-874FBE81BB65,06_gate_events.csv,GE-0019857,Gate event references quarantined or non-existent order_id 'LO-KOTPS1-02876',RULE_ORPHANED_FOREIGN_KEY,2026-09-15T14:23:40.610376,"{""gate_event_id"": ""GE-0019857"", ""order_id"": ""LO-KOTPS1-02876"", ""depot_id"": ""mombasa"", ""truck_id"": ""TRK-0235"", ""event_type"": ""GATE_OUT"", ""event_timestamp"": ""2026-08-10 18:08:50"", ""tare_weight_kg"": 15508, ""gross_weight_kg"": 43818, ""rfid_transponder_id"": ""RFID-KCP280G"", ""gate_lane"": ""Gross Weighbridge Platform 1""}"
Q-BB91068269FA,06_gate_events.csv,GE-0020341,Gate event references quarantined or non-existent order_id 'LO-KOTPS1-02917',RULE_ORPHANED_FOREIGN_KEY,2026-09-15T14:23:40.651902,"{""gate_event_id"": ""GE-0020341"", ""order_id"": ""LO-KOTPS1-02917"", ""depot_id"": ""mombasa"", ""truck_id"": ""TRK-0250"", ""event_type"": ""ARRIVAL"", ""event_timestamp"": ""2026-08-11 12:40:30"", ""tare_weight_kg"": 0, ""gross_weight_kg"": 0, ""rfid_transponder_id"": ""RFID-KBF106G"", ""gate_lane"": ""Outer Lane 1""}"
Q-7B3B5084AC56,06_gate_events.csv,GE-0020342,Gate event references quarantined or non-existent order_id 'LO-KOTPS1-02917',RULE_ORPHANED_FOREIGN_KEY,2026-09-15T14:23:40.651998,"{""gate_event_id"": ""GE-0020342"", ""order_id"": ""LO-KOTPS1-02917"", ""depot_id"": ""mombasa"", ""truck_id"": ""TRK-0250"", ""event_type"": ""GATE_IN"", ""event_timestamp"": ""2026-08-11 12:53:30"", ""tare_weight_kg"": 12995, ""gross_weight_kg"": 0, ""rfid_transponder_id"": ""RFID-KBF106G"", ""gate_lane"": ""Tare Scale 1""}"
Q-A6B2FBDA6206,06_gate_events.csv,GE-0020343,Gate event references quarantined or non-existent order_id 'LO-KOTPS1-02917',RULE_ORPHANED_FOREIGN_KEY,2026-09-15T14:23:40.652089,"{""gate_event_id"": ""GE-0020343"", ""order_id"": ""LO-KOTPS1-02917"", ""depot_id"": ""mombasa"", ""truck_id"": ""TRK-0250"", ""event_type"": ""GATE_OUT"", ""event_timestamp"": ""2026-08-11 14:31:29"", ""tare_weight_kg"": 12995, ""gross_weight_kg"": 36515, ""rfid_transponder_id"": ""RFID-KBF106G"", ""gate_lane"": ""Gross Weighbridge Platform 1""}"
Q-A35F8BEA8C62,06_gate_events.csv,GE-0020623,Gate event references quarantined or non-existent order_id 'LO-PS10-03732',RULE_ORPHANED_FOREIGN_KEY,2026-09-15T14:23:40.870555,"{""gate_event_id"": ""GE-0020623"", ""order_id"": ""LO-PS10-03732"", ""depot_id"": ""nairobi"", ""truck_id"": ""TRK-0474"", ""event_type"": ""ARRIVAL"", ""event_timestamp"": ""2026-08-12 12:29:48"", ""tare_weight_kg"": 0, ""gross_weight_kg"": 0, ""rfid_transponder_id"": ""RFID-KDN729M"", ""gate_lane"": ""Outer Lane 1""}"
Q-F27EF2742276,06_gate_events.csv,GE-0020624,Gate event references quarantined or non-existent order_id 'LO-PS10-03732',RULE_ORPHANED_FOREIGN_KEY,2026-09-15T14:23:40.870696,"{""gate_event_id"": ""GE-0020624"", ""order_id"": ""LO-PS10-03732"", ""depot_id"": ""nairobi"", ""truck_id"": ""TRK-0474"", ""event_type"": ""GATE_IN"", ""event_timestamp"": ""2026-08-12 12:45:48"", ""tare_weight_kg"": 16517, ""gross_weight_kg"": 0, ""rfid_transponder_id"": ""RFID-KDN729M"", ""gate_lane"": ""Tare Scale 1""}"
Q-0B4CE110AAAF,06_gate_events.csv,GE-0020625,Gate event references quarantined or non-existent order_id 'LO-PS10-03732',RULE_ORPHANED_FOREIGN_KEY,2026-09-15T14:23:40.870845,"{""gate_event_id"": ""GE-0020625"", ""order_id"": ""LO-PS10-03732"", ""depot_id"": ""nairobi"", ""truck_id"": ""TRK-0474"", ""event_type"": ""GATE_OUT"", ""event_timestamp"": ""2026-08-12 14:17:29"", ""tare_weight_kg"": 16517, ""gross_weight_kg"": 50117, ""rfid_transponder_id"": ""RFID-KDN729M"", ""gate_lane"": ""Gross Weighbridge Platform 1""}"
Q-F344F380D0AC,06_gate_events.csv,GE-0022864,Gate event references quarantined or non-existent order_id 'LO-PS28-01639',RULE_ORPHANED_FOREIGN_KEY,2026-09-15T14:23:41.060502,"{""gate_event_id"": ""GE-0022864"", ""order_id"": ""LO-PS28-01639"", ""depot_id"": ""kisumu"", ""truck_id"": ""TRK-0077"", ""event_type"": ""ARRIVAL"", ""event_timestamp"": ""2026-08-19 07:57:15"", ""tare_weight_kg"": 0, ""gross_weight_kg"": 0, ""rfid_transponder_id"": ""RFID-KCB748G"", ""gate_lane"": ""Outer Lane 3""}"
Q-D463CD3004F3,06_gate_events.csv,GE-0022865,Gate event references quarantined or non-existent order_id 'LO-PS28-01639',RULE_ORPHANED_FOREIGN_KEY,2026-09-15T14:23:41.060599,"{""gate_event_id"": ""GE-0022865"", ""order_id"": ""LO-PS28-01639"", ""depot_id"": ""kisumu"", ""truck_id"": ""TRK-0077"", ""event_type"": ""GATE_IN"", ""event_timestamp"": ""2026-08-19 08:12:15"", ""tare_weight_kg"": 16382, ""gross_weight_kg"": 0, ""rfid_transponder_id"": ""RFID-KCB748G"", ""gate_lane"": ""Tare Scale 2""}"
Q-D3203AD04B66,06_gate_events.csv,GE-0022866,Gate event references quarantined or non-existent order_id 'LO-PS28-01639',RULE_ORPHANED_FOREIGN_KEY,2026-09-15T14:23:41.060688,"{""gate_event_id"": ""GE-0022866"", ""order_id"": ""LO-PS28-01639"", ""depot_id"": ""kisumu"", ""truck_id"": ""TRK-0077"", ""event_type"": ""GATE_OUT"", ""event_timestamp"": ""2026-08-19 09:29:35"", ""tare_weight_kg"": 16382, ""gross_weight_kg"": 49982, ""rfid_transponder_id"": ""RFID-KCB748G"", ""gate_lane"": ""Gross Weighbridge Platform 1""}"
Q-68406BC904AA,06_gate_events.csv,GE-0023008,Gate event references quarantined or non-existent order_id 'LO-PS10-04050',RULE_ORPHANED_FOREIGN_KEY,2026-09-15T14:23:41.071569,"{""gate_event_id"": ""GE-0023008"", ""order_id"": ""LO-PS10-04050"", ""depot_id"": ""nairobi"", ""truck_id"": ""TRK-0648"", ""event_type"": ""ARRIVAL"", ""event_timestamp"": ""2026-08-20 09:04:47"", ""tare_weight_kg"": 0, ""gross_weight_kg"": 0, ""rfid_transponder_id"": ""RFID-KBF854Z"", ""gate_lane"": ""Outer Lane 3""}"
Q-2A2206095D40,06_gate_events.csv,GE-0023009,Gate event references quarantined or non-existent order_id 'LO-PS10-04050',RULE_ORPHANED_FOREIGN_KEY,2026-09-15T14:23:41.071665,"{""gate_event_id"": ""GE-0023009"", ""order_id"": ""LO-PS10-04050"", ""depot_id"": ""nairobi"", ""truck_id"": ""TRK-0648"", ""event_type"": ""GATE_IN"", ""event_timestamp"": ""2026-08-20 09:18:47"", ""tare_weight_kg"": 14251, ""gross_weight_kg"": 0, ""rfid_transponder_id"": ""RFID-KBF854Z"", ""gate_lane"": ""Tare Scale 2""}"
Q-60034A6EB70D,06_gate_events.csv,GE-0023010,Gate event references quarantined or non-existent order_id 'LO-PS10-04050',RULE_ORPHANED_FOREIGN_KEY,2026-09-15T14:23:41.071754,"{""gate_event_id"": ""GE-0023010"", ""order_id"": ""LO-PS10-04050"", ""depot_id"": ""nairobi"", ""truck_id"": ""TRK-0648"", ""event_type"": ""GATE_OUT"", ""event_timestamp"": ""2026-08-20 10:16:26"", ""tare_weight_kg"": 14251, ""gross_weight_kg"": 41131, ""rfid_transponder_id"": ""RFID-KBF854Z"", ""gate_lane"": ""Gross Weighbridge Platform 1""}"
Q-6B16CB97D351,06_gate_events.csv,GE-0023062,Gate event references quarantined or non-existent order_id 'LO-KOTPS1-03169',RULE_ORPHANED_FOREIGN_KEY,2026-09-15T14:23:41.075991,"{""gate_event_id"": ""GE-0023062"", ""order_id"": ""LO-KOTPS1-03169"", ""depot_id"": ""mombasa"", ""truck_id"": ""TRK-0535"", ""event_type"": ""ARRIVAL"", ""event_timestamp"": ""2026-08-20 12:09:09"", ""tare_weight_kg"": 0, ""gross_weight_kg"": 0, ""rfid_transponder_id"": ""RFID-KCZ987C"", ""gate_lane"": ""Outer Lane 2""}"
Q-B6C2B44010F7,06_gate_events.csv,GE-0023063,Gate event references quarantined or non-existent order_id 'LO-KOTPS1-03169',RULE_ORPHANED_FOREIGN_KEY,2026-09-15T14:23:41.076085,"{""gate_event_id"": ""GE-0023063"", ""order_id"": ""LO-KOTPS1-03169"", ""depot_id"": ""mombasa"", ""truck_id"": ""TRK-0535"", ""event_type"": ""GATE_IN"", ""event_timestamp"": ""2026-08-20 12:18:09"", ""tare_weight_kg"": 14295, ""gross_weight_kg"": 0, ""rfid_transponder_id"": ""RFID-KCZ987C"", ""gate_lane"": ""Tare Scale 2""}"
Q-4A22E1824394,06_gate_events.csv,GE-0023064,Gate event references quarantined or non-existent order_id 'LO-KOTPS1-03169',RULE_ORPHANED_FOREIGN_KEY,2026-09-15T14:23:41.076174,"{""gate_event_id"": ""GE-0023064"", ""order_id"": ""LO-KOTPS1-03169"", ""depot_id"": ""mombasa"", ""truck_id"": ""TRK-0535"", ""event_type"": ""GATE_OUT"", ""event_timestamp"": ""2026-08-20 13:55:50"", ""tare_weight_kg"": 14295, ""gross_weight_kg"": 41175, ""rfid_transponder_id"": ""RFID-KCZ987C"", ""gate_lane"": ""Gross Weighbridge Platform 1""}"
Q-0FDDC919E11C,06_gate_events.csv,GE-0023521,Gate event references quarantined or non-existent order_id 'LO-PS10-04124',RULE_ORPHANED_FOREIGN_KEY,2026-09-15T14:23:41.112684,"{""gate_event_id"": ""GE-0023521"", ""order_id"": ""LO-PS10-04124"", ""depot_id"": ""nairobi"", ""truck_id"": ""TRK-0537"", ""event_type"": ""ARRIVAL"", ""event_timestamp"": ""2026-08-21 13:33:27"", ""tare_weight_kg"": 0, ""gross_weight_kg"": 0, ""rfid_transponder_id"": ""RFID-KCH880D"", ""gate_lane"": ""Outer Lane 1""}"
Q-D10D27C66BA6,06_gate_events.csv,GE-0023522,Gate event references quarantined or non-existent order_id 'LO-PS10-04124',RULE_ORPHANED_FOREIGN_KEY,2026-09-15T14:23:41.112848,"{""gate_event_id"": ""GE-0023522"", ""order_id"": ""LO-PS10-04124"", ""depot_id"": ""nairobi"", ""truck_id"": ""TRK-0537"", ""event_type"": ""GATE_IN"", ""event_timestamp"": ""2026-08-21 13:41:27"", ""tare_weight_kg"": 16412, ""gross_weight_kg"": 0, ""rfid_transponder_id"": ""RFID-KCH880D"", ""gate_lane"": ""Tare Scale 2""}"
Q-ED77DECA0A31,06_gate_events.csv,GE-0023523,Gate event references quarantined or non-existent order_id 'LO-PS10-04124',RULE_ORPHANED_FOREIGN_KEY,2026-09-15T14:23:41.112943,"{""gate_event_id"": ""GE-0023523"", ""order_id"": ""LO-PS10-04124"", ""depot_id"": ""nairobi"", ""truck_id"": ""TRK-0537"", ""event_type"": ""GATE_OUT"", ""event_timestamp"": ""2026-08-21 15:00:52"", ""tare_weight_kg"": 16412, ""gross_weight_kg"": 50012, ""rfid_transponder_id"": ""RFID-KCH880D"", ""gate_lane"": ""Gross Weighbridge Platform 2""}"
Q-D0DFC0ADAD34,06_gate_events.csv,GE-0024223,Gate event references quarantined or non-existent order_id 'LO-PS10-04209',RULE_ORPHANED_FOREIGN_KEY,2026-09-15T14:23:41.170973,"{""gate_event_id"": ""GE-0024223"", ""order_id"": ""LO-PS10-04209"", ""depot_id"": ""nairobi"", ""truck_id"": ""TRK-0387"", ""event_type"": ""ARRIVAL"", ""event_timestamp"": ""2026-08-24 13:48:09"", ""tare_weight_kg"": 0, ""gross_weight_kg"": 0, ""rfid_transponder_id"": ""RFID-KCP707D"", ""gate_lane"": ""Outer Lane 3""}"
Q-345E6B5A52D8,06_gate_events.csv,GE-0024224,Gate event references quarantined or non-existent order_id 'LO-PS10-04209',RULE_ORPHANED_FOREIGN_KEY,2026-09-15T14:23:41.171070,"{""gate_event_id"": ""GE-0024224"", ""order_id"": ""LO-PS10-04209"", ""depot_id"": ""nairobi"", ""truck_id"": ""TRK-0387"", ""event_type"": ""GATE_IN"", ""event_timestamp"": ""2026-08-24 14:04:09"", ""tare_weight_kg"": 16371, ""gross_weight_kg"": 0, ""rfid_transponder_id"": ""RFID-KCP707D"", ""gate_lane"": ""Tare Scale 2""}"
Q-54F1D8961B3B,06_gate_events.csv,GE-0024225,Gate event references quarantined or non-existent order_id 'LO-PS10-04209',RULE_ORPHANED_FOREIGN_KEY,2026-09-15T14:23:41.171159,"{""gate_event_id"": ""GE-0024225"", ""order_id"": ""LO-PS10-04209"", ""depot_id"": ""nairobi"", ""truck_id"": ""TRK-0387"", ""event_type"": ""GATE_OUT"", ""event_timestamp"": ""2026-08-24 15:37:19"", ""tare_weight_kg"": 16371, ""gross_weight_kg"": 48531, ""rfid_transponder_id"": ""RFID-KCP707D"", ""gate_lane"": ""Gross Weighbridge Platform 2""}"
Q-DF834C4CF638,06_gate_events.csv,GE-0024574,Gate event references quarantined or non-existent order_id 'LO-PS10-04256',RULE_ORPHANED_FOREIGN_KEY,2026-09-15T14:23:41.199688,"{""gate_event_id"": ""GE-0024574"", ""order_id"": ""LO-PS10-04256"", ""depot_id"": ""nairobi"", ""truck_id"": ""TRK-0052"", ""event_type"": ""ARRIVAL"", ""event_timestamp"": ""2026-08-24 12:16:24"", ""tare_weight_kg"": 0, ""gross_weight_kg"": 0, ""rfid_transponder_id"": ""RFID-KCW124F"", ""gate_lane"": ""Outer Lane 2""}"
Q-BACA0AE805FD,06_gate_events.csv,GE-0024575,Gate event references quarantined or non-existent order_id 'LO-PS10-04256',RULE_ORPHANED_FOREIGN_KEY,2026-09-15T14:23:41.199828,"{""gate_event_id"": ""GE-0024575"", ""order_id"": ""LO-PS10-04256"", ""depot_id"": ""nairobi"", ""truck_id"": ""TRK-0052"", ""event_type"": ""GATE_IN"", ""event_timestamp"": ""2026-08-24 12:23:24"", ""tare_weight_kg"": 16572, ""gross_weight_kg"": 0, ""rfid_transponder_id"": ""RFID-KCW124F"", ""gate_lane"": ""Tare Scale 2""}"
Q-37928E904B98,06_gate_events.csv,GE-0024576,Gate event references quarantined or non-existent order_id 'LO-PS10-04256',RULE_ORPHANED_FOREIGN_KEY,2026-09-15T14:23:41.199959,"{""gate_event_id"": ""GE-0024576"", ""order_id"": ""LO-PS10-04256"", ""depot_id"": ""nairobi"", ""truck_id"": ""TRK-0052"", ""event_type"": ""GATE_OUT"", ""event_timestamp"": ""2026-08-24 13:51:31"", ""tare_weight_kg"": 16572, ""gross_weight_kg"": 50172, ""rfid_transponder_id"": ""RFID-KCW124F"", ""gate_lane"": ""Gross Weighbridge Platform 1""}"
Q-EFB51660D91A,06_gate_events.csv,GE-0026806,Gate event references quarantined or non-existent order_id 'LO-KOTPS1-03513',RULE_ORPHANED_FOREIGN_KEY,2026-09-15T14:23:41.387147,"{""gate_event_id"": ""GE-0026806"", ""order_id"": ""LO-KOTPS1-03513"", ""depot_id"": ""mombasa"", ""truck_id"": ""TRK-0262"", ""event_type"": ""ARRIVAL"", ""event_timestamp"": ""2026-08-31 11:17:01"", ""tare_weight_kg"": 0, ""gross_weight_kg"": 0, ""rfid_transponder_id"": ""RFID-KCB566M"", ""gate_lane"": ""Outer Lane 3""}"
Q-13A186752901,06_gate_events.csv,GE-0026807,Gate event references quarantined or non-existent order_id 'LO-KOTPS1-03513',RULE_ORPHANED_FOREIGN_KEY,2026-09-15T14:23:41.387239,"{""gate_event_id"": ""GE-0026807"", ""order_id"": ""LO-KOTPS1-03513"", ""depot_id"": ""mombasa"", ""truck_id"": ""TRK-0262"", ""event_type"": ""GATE_IN"", ""event_timestamp"": ""2026-08-31 11:35:01"", ""tare_weight_kg"": 14278, ""gross_weight_kg"": 0, ""rfid_transponder_id"": ""RFID-KCB566M"", ""gate_lane"": ""Tare Scale 1""}"
Q-D747B5A930FB,06_gate_events.csv,GE-0026808,Gate event references quarantined or non-existent order_id 'LO-KOTPS1-03513',RULE_ORPHANED_FOREIGN_KEY,2026-09-15T14:23:41.387327,"{""gate_event_id"": ""GE-0026808"", ""order_id"": ""LO-KOTPS1-03513"", ""depot_id"": ""mombasa"", ""truck_id"": ""TRK-0262"", ""event_type"": ""GATE_OUT"", ""event_timestamp"": ""2026-08-31 13:24:46"", ""tare_weight_kg"": 14278, ""gross_weight_kg"": 38118, ""rfid_transponder_id"": ""RFID-KCB566M"", ""gate_lane"": ""Gross Weighbridge Platform 1""}"
Q-B9D46C7A50C8,06_gate_events.csv,GE-0026995,Gate event references quarantined or non-existent order_id 'LO-PS10-04570',RULE_ORPHANED_FOREIGN_KEY,2026-09-15T14:23:41.401828,"{""gate_event_id"": ""GE-0026995"", ""order_id"": ""LO-PS10-04570"", ""depot_id"": ""nairobi"", ""truck_id"": ""TRK-0323"", ""event_type"": ""ARRIVAL"", ""event_timestamp"": ""2026-09-01 12:41:55"", ""tare_weight_kg"": 0, ""gross_weight_kg"": 0, ""rfid_transponder_id"": ""RFID-KDU558L"", ""gate_lane"": ""Outer Lane 1""}"
Q-549D144D351A,06_gate_events.csv,GE-0026996,Gate event references quarantined or non-existent order_id 'LO-PS10-04570',RULE_ORPHANED_FOREIGN_KEY,2026-09-15T14:23:41.401920,"{""gate_event_id"": ""GE-0026996"", ""order_id"": ""LO-PS10-04570"", ""depot_id"": ""nairobi"", ""truck_id"": ""TRK-0323"", ""event_type"": ""GATE_IN"", ""event_timestamp"": ""2026-09-01 12:55:55"", ""tare_weight_kg"": 13591, ""gross_weight_kg"": 0, ""rfid_transponder_id"": ""RFID-KDU558L"", ""gate_lane"": ""Tare Scale 1""}"
Q-02DCB4D36C7C,06_gate_events.csv,GE-0026997,Gate event references quarantined or non-existent order_id 'LO-PS10-04570',RULE_ORPHANED_FOREIGN_KEY,2026-09-15T14:23:41.402046,"{""gate_event_id"": ""GE-0026997"", ""order_id"": ""LO-PS10-04570"", ""depot_id"": ""nairobi"", ""truck_id"": ""TRK-0323"", ""event_type"": ""GATE_OUT"", ""event_timestamp"": ""2026-09-01 14:15:47"", ""tare_weight_kg"": 13591, ""gross_weight_kg"": 40471, ""rfid_transponder_id"": ""RFID-KDU558L"", ""gate_lane"": ""Gross Weighbridge Platform 1""}"
Q-EEFD317332A1,06_gate_events.csv,GE-0028072,Gate event references quarantined or non-existent order_id 'LO-PS27-02120',RULE_ORPHANED_FOREIGN_KEY,2026-09-15T14:23:41.491635,"{""gate_event_id"": ""GE-0028072"", ""order_id"": ""LO-PS27-02120"", ""depot_id"": ""eldoret"", ""truck_id"": ""TRK-0339"", ""event_type"": ""ARRIVAL"", ""event_timestamp"": ""2026-09-03 08:53:14"", ""tare_weight_kg"": 0, ""gross_weight_kg"": 0, ""rfid_transponder_id"": ""RFID-KBL922E"", ""gate_lane"": ""Outer Lane 1""}"
Q-27D8DF6C975F,06_gate_events.csv,GE-0028073,Gate event references quarantined or non-existent order_id 'LO-PS27-02120',RULE_ORPHANED_FOREIGN_KEY,2026-09-15T14:23:41.491727,"{""gate_event_id"": ""GE-0028073"", ""order_id"": ""LO-PS27-02120"", ""depot_id"": ""eldoret"", ""truck_id"": ""TRK-0339"", ""event_type"": ""GATE_IN"", ""event_timestamp"": ""2026-09-03 08:58:14"", ""tare_weight_kg"": 14278, ""gross_weight_kg"": 0, ""rfid_transponder_id"": ""RFID-KBL922E"", ""gate_lane"": ""Tare Scale 2""}"
Q-D18D5EC2B277,06_gate_events.csv,GE-0028074,Gate event references quarantined or non-existent order_id 'LO-PS27-02120',RULE_ORPHANED_FOREIGN_KEY,2026-09-15T14:23:41.491871,"{""gate_event_id"": ""GE-0028074"", ""order_id"": ""LO-PS27-02120"", ""depot_id"": ""eldoret"", ""truck_id"": ""TRK-0339"", ""event_type"": ""GATE_OUT"", ""event_timestamp"": ""2026-09-03 10:05:10"", ""tare_weight_kg"": 14278, ""gross_weight_kg"": 38118, ""rfid_transponder_id"": ""RFID-KBL922E"", ""gate_lane"": ""Gross Weighbridge Platform 1""}"
Q-BC223F7E19A0,06_gate_events.csv,GE-0028951,Gate event references quarantined or non-existent order_id 'LO-PS10-04830',RULE_ORPHANED_FOREIGN_KEY,2026-09-15T14:23:41.566099,"{""gate_event_id"": ""GE-0028951"", ""order_id"": ""LO-PS10-04830"", ""depot_id"": ""nairobi"", ""truck_id"": ""TRK-0684"", ""event_type"": ""ARRIVAL"", ""event_timestamp"": ""2026-09-07 11:54:40"", ""tare_weight_kg"": 0, ""gross_weight_kg"": 0, ""rfid_transponder_id"": ""RFID-KDB260E"", ""gate_lane"": ""Outer Lane 2""}"
Q-1F39439B744A,06_gate_events.csv,GE-0028952,Gate event references quarantined or non-existent order_id 'LO-PS10-04830',RULE_ORPHANED_FOREIGN_KEY,2026-09-15T14:23:41.566200,"{""gate_event_id"": ""GE-0028952"", ""order_id"": ""LO-PS10-04830"", ""depot_id"": ""nairobi"", ""truck_id"": ""TRK-0684"", ""event_type"": ""GATE_IN"", ""event_timestamp"": ""2026-09-07 12:03:40"", ""tare_weight_kg"": 16139, ""gross_weight_kg"": 0, ""rfid_transponder_id"": ""RFID-KDB260E"", ""gate_lane"": ""Tare Scale 2""}"
Q-414578B59D02,06_gate_events.csv,GE-0028953,Gate event references quarantined or non-existent order_id 'LO-PS10-04830',RULE_ORPHANED_FOREIGN_KEY,2026-09-15T14:23:41.566290,"{""gate_event_id"": ""GE-0028953"", ""order_id"": ""LO-PS10-04830"", ""depot_id"": ""nairobi"", ""truck_id"": ""TRK-0684"", ""event_type"": ""GATE_OUT"", ""event_timestamp"": ""2026-09-07 13:36:46"", ""tare_weight_kg"": 16139, ""gross_weight_kg"": 49739, ""rfid_transponder_id"": ""RFID-KDB260E"", ""gate_lane"": ""Gross Weighbridge Platform 2""}"
Q-C8463F4CA83F,06_gate_events.csv,GE-0030775,Gate event references quarantined or non-existent order_id 'LO-KOTPS1-03885',RULE_ORPHANED_FOREIGN_KEY,2026-09-15T14:23:41.979373,"{""gate_event_id"": ""GE-0030775"", ""order_id"": ""LO-KOTPS1-03885"", ""depot_id"": ""mombasa"", ""truck_id"": ""TRK-0740"", ""event_type"": ""ARRIVAL"", ""event_timestamp"": ""2026-09-11 10:32:59"", ""tare_weight_kg"": 0, ""gross_weight_kg"": 0, ""rfid_transponder_id"": ""RFID-KBV582R"", ""gate_lane"": ""Outer Lane 2""}"
Q-83647179711E,06_gate_events.csv,GE-0030776,Gate event references quarantined or non-existent order_id 'LO-KOTPS1-03885',RULE_ORPHANED_FOREIGN_KEY,2026-09-15T14:23:41.979467,"{""gate_event_id"": ""GE-0030776"", ""order_id"": ""LO-KOTPS1-03885"", ""depot_id"": ""mombasa"", ""truck_id"": ""TRK-0740"", ""event_type"": ""GATE_IN"", ""event_timestamp"": ""2026-09-11 10:44:59"", ""tare_weight_kg"": 12546, ""gross_weight_kg"": 0, ""rfid_transponder_id"": ""RFID-KBV582R"", ""gate_lane"": ""Tare Scale 2""}"
Q-7D9FEAA8F3EE,06_gate_events.csv,GE-0030777,Gate event references quarantined or non-existent order_id 'LO-KOTPS1-03885',RULE_ORPHANED_FOREIGN_KEY,2026-09-15T14:23:41.979555,"{""gate_event_id"": ""GE-0030777"", ""order_id"": ""LO-KOTPS1-03885"", ""depot_id"": ""mombasa"", ""truck_id"": ""TRK-0740"", ""event_type"": ""GATE_OUT"", ""event_timestamp"": ""2026-09-11 12:08:18"", ""tare_weight_kg"": 12546, ""gross_weight_kg"": 35058, ""rfid_transponder_id"": ""RFID-KBV582R"", ""gate_lane"": ""Gross Weighbridge Platform 2""}"
Q-94B2B5053516,06_gate_events.csv,GE-0031746,Gate event references quarantined or non-existent order_id 'LO-PS27-02254',RULE_ORPHANED_FOREIGN_KEY,2026-09-15T14:23:42.070430,"{""gate_event_id"": ""GE-0031746"", ""order_id"": ""LO-PS27-02254"", ""depot_id"": ""eldoret"", ""truck_id"": ""TRK-0109"", ""event_type"": ""ARRIVAL"", ""event_timestamp"": ""2026-09-15 18:23:31"", ""tare_weight_kg"": 0, ""gross_weight_kg"": 0, ""rfid_transponder_id"": ""RFID-KDK405M"", ""gate_lane"": ""Outer Lane 2""}"
Q-A46A4D36446B,06_gate_events.csv,GE-0031747,Gate event references quarantined or non-existent order_id 'LO-PS27-02254',RULE_ORPHANED_FOREIGN_KEY,2026-09-15T14:23:42.070531,"{""gate_event_id"": ""GE-0031747"", ""order_id"": ""LO-PS27-02254"", ""depot_id"": ""eldoret"", ""truck_id"": ""TRK-0109"", ""event_type"": ""GATE_IN"", ""event_timestamp"": ""2026-09-15 18:34:31"", ""tare_weight_kg"": 14320, ""gross_weight_kg"": 0, ""rfid_transponder_id"": ""RFID-KDK405M"", ""gate_lane"": ""Tare Scale 1""}"
Q-4585429B6D03,06_gate_events.csv,GE-0031748,Gate event references quarantined or non-existent order_id 'LO-PS27-02254',RULE_ORPHANED_FOREIGN_KEY,2026-09-15T14:23:42.070628,"{""gate_event_id"": ""GE-0031748"", ""order_id"": ""LO-PS27-02254"", ""depot_id"": ""eldoret"", ""truck_id"": ""TRK-0109"", ""event_type"": ""GATE_OUT"", ""event_timestamp"": ""2026-09-15 20:05:23"", ""tare_weight_kg"": 14320, ""gross_weight_kg"": 39650, ""rfid_transponder_id"": ""RFID-KDK405M"", ""gate_lane"": ""Gross Weighbridge Platform 1""}"
