readiness_id,depot_id,product_id,tank_id,readiness_status,certified_volume_litres,event_timestamp,resolved_timestamp,constraint_reason
PRD-000001,nairobi,DPK,T-PS1-01,READY,7786782,2026-06-12 16:00:00,,
PRD-000002,nairobi,PMS,T-PS1-03,READY,7298968,2026-06-13 12:00:00,,
PRD-000003,nairobi,PMS,T-PS1-04,READY,3087488,2026-06-15 07:00:00,,
PRD-000004,nairobi,DPK,T-PS1-02,READY,3986544,2026-06-16 20:00:00,,
PRD-000005,nairobi,AGO,T-PS1-02,READY,2578651,2026-06-17 21:00:00,,
PRD-000006,nairobi,PMS,T-PS1-01,READY,6272846,2026-06-19 05:00:00,,
PRD-000007,nairobi,AGO,T-PS1-04,READY,2696580,2026-06-20 11:00:00,,
PRD-000008,nairobi,AGO,T-PS1-04,CONSTRAINED,7569784,2026-06-21 19:00:00,2026-06-22 19:00:00,PIPELINE_BATCH_TRANSFER_ACTIVE
PRD-000009,nairobi,DPK,T-PS1-01,READY,6806727,2026-06-23 18:00:00,,
PRD-000010,nairobi,AGO,T-PS1-04,READY,3315390,2026-06-25 05:00:00,,
PRD-000011,nairobi,PMS,T-PS1-03,READY,5193523,2026-06-26 02:00:00,,
PRD-000012,nairobi,JET-A1,T-PS1-04,READY,8181367,2026-06-27 15:00:00,,
PRD-000013,nairobi,AGO,T-PS1-04,READY,2960685,2026-06-29 14:00:00,,
PRD-000014,nairobi,JET-A1,T-PS1-02,READY,3414329,2026-06-30 18:00:00,,
PRD-000015,nairobi,JET-A1,T-PS1-03,READY,6808807,2026-07-01 13:00:00,,
PRD-000016,nairobi,JET-A1,T-PS1-04,READY,3049232,2026-07-03 03:00:00,,
PRD-000017,nairobi,JET-A1,T-PS1-01,READY,4262918,2026-07-04 08:00:00,,
PRD-000018,nairobi,JET-A1,T-PS1-04,READY,2512498,2026-07-06 01:00:00,,
PRD-000019,nairobi,DPK,T-PS1-01,READY,7666729,2026-07-07 10:00:00,,
PRD-000020,nairobi,DPK,T-PS1-04,READY,5148620,2026-07-09 00:00:00,,
PRD-000021,nairobi,JET-A1,T-PS1-01,READY,3873529,2026-07-10 15:00:00,,
PRD-000022,nairobi,PMS,T-PS1-01,READY,8289271,2026-07-11 18:00:00,,
PRD-000023,nairobi,AGO,T-PS1-01,READY,4605579,2026-07-13 05:00:00,,
PRD-000024,nairobi,DPK,T-PS1-04,CONSTRAINED,8348702,2026-07-15 00:00:00,2026-07-15 12:00:00,TANK_SETTLING_WATER_DRAINAGE
PRD-000025,nairobi,PMS,T-PS1-04,READY,4373543,2026-07-16 18:00:00,,
PRD-000026,nairobi,AGO,T-PS1-03,READY,3189903,2026-07-18 04:00:00,,
PRD-000027,nairobi,DPK,T-PS1-01,READY,4176548,2026-07-20 04:00:00,,
PRD-000028,nairobi,AGO,T-PS1-01,READY,4245218,2026-07-21 23:00:00,,
PRD-000029,nairobi,PMS,T-PS1-04,READY,5355473,2026-07-22 17:00:00,,
PRD-000030,nairobi,DPK,T-PS1-02,READY,4674413,2026-07-24 10:00:00,,
PRD-000031,nairobi,AGO,T-PS1-04,READY,8421483,2026-07-26 06:00:00,,
PRD-000032,nairobi,JET-A1,T-PS1-03,READY,3035543,2026-07-27 05:00:00,,
PRD-000033,nairobi,JET-A1,T-PS1-04,READY,5366167,2026-07-29 01:00:00,,
PRD-000034,nairobi,JET-A1,T-PS1-04,UNAVAILABLE,6854207,2026-07-30 04:00:00,2026-07-30 09:00:00,LAB_OCTANE_CERTIFICATION_PENDING
PRD-000035,nairobi,DPK,T-PS1-03,READY,2751069,2026-07-31 19:00:00,,
PRD-000036,nairobi,JET-A1,T-PS1-02,READY,3742317,2026-08-01 22:00:00,,
PRD-000037,nairobi,JET-A1,T-PS1-03,READY,8244213,2026-08-03 22:00:00,,
PRD-000038,nairobi,PMS,T-PS1-04,READY,2735051,2026-08-05 16:00:00,,
PRD-000039,nairobi,DPK,T-PS1-02,READY,2802972,2026-08-07 02:00:00,,
PRD-000040,nairobi,JET-A1,T-PS1-02,READY,8002698,2026-08-08 03:00:00,,
PRD-000041,nairobi,JET-A1,T-PS1-03,READY,3241763,2026-08-09 16:00:00,,
PRD-000042,nairobi,JET-A1,T-PS1-03,READY,3092107,2026-08-11 14:00:00,,
PRD-000043,nairobi,AGO,T-PS1-01,READY,2517850,2026-08-13 14:00:00,,
PRD-000044,nairobi,DPK,T-PS1-03,READY,4072836,2026-08-15 07:00:00,,
PRD-000045,nairobi,AGO,T-PS1-04,READY,8136379,2026-08-16 15:00:00,,
PRD-000046,nairobi,DPK,T-PS1-01,READY,5630626,2026-08-18 01:00:00,,
PRD-000047,nairobi,JET-A1,T-PS1-02,READY,4434477,2026-08-18 21:00:00,,
PRD-000048,nairobi,PMS,T-PS1-04,READY,2608008,2026-08-20 21:00:00,,
PRD-000049,nairobi,JET-A1,T-PS1-04,READY,4600843,2026-08-21 15:00:00,,
PRD-000050,nairobi,PMS,T-PS1-01,READY,5518124,2026-08-23 00:00:00,,
PRD-000051,nairobi,DPK,T-PS1-01,READY,4436484,2026-08-24 13:00:00,,
PRD-000052,nairobi,JET-A1,T-PS1-04,READY,3972573,2026-08-26 08:00:00,,
PRD-000053,nairobi,JET-A1,T-PS1-04,READY,3965852,2026-08-28 07:00:00,,
PRD-000054,nairobi,JET-A1,T-PS1-02,READY,5607257,2026-08-29 12:00:00,,
PRD-000055,nairobi,DPK,T-PS1-01,READY,5730584,2026-08-30 08:00:00,,
PRD-000056,nairobi,JET-A1,T-PS1-01,READY,4992534,2026-09-01 05:00:00,,
PRD-000057,nairobi,PMS,T-PS1-01,READY,8298748,2026-09-02 12:00:00,,
PRD-000058,nairobi,JET-A1,T-PS1-04,READY,8459710,2026-09-03 11:00:00,,
PRD-000059,nairobi,DPK,T-PS1-04,READY,5159836,2026-09-05 01:00:00,,
PRD-000060,nairobi,AGO,T-PS1-02,READY,4948154,2026-09-06 20:00:00,,
PRD-000061,nairobi,AGO,T-PS1-03,READY,8108270,2026-09-08 20:00:00,,
PRD-000062,nairobi,JET-A1,T-PS1-01,READY,7214350,2026-09-10 01:00:00,,
PRD-000063,nairobi,PMS,T-PS1-02,READY,7612852,2026-09-11 19:00:00,,
PRD-000064,nairobi,AGO,T-PS1-03,READY,3261006,2026-09-13 12:00:00,,
PRD-000065,nairobi,DPK,T-PS1-02,READY,4127308,2026-09-14 09:00:00,,
PRD-000066,nairobi,JET-A1,T-PS1-04,READY,4815508,2026-09-15 12:00:00,,
PRD-000067,nairobi,JET-A1,T-PS1-04,READY,4812284,2026-09-16 19:00:00,,
PRD-000068,mombasa,PMS,T-KOT-03,READY,5248867,2026-06-12 01:00:00,,
PRD-000069,mombasa,PMS,T-KOT-01,READY,3169882,2026-06-13 18:00:00,,
PRD-000070,mombasa,JET-A1,T-KOT-02,READY,5680944,2026-06-14 18:00:00,,
PRD-000071,mombasa,JET-A1,T-KOT-04,READY,4053184,2026-06-15 21:00:00,,
PRD-000072,mombasa,JET-A1,T-KOT-04,READY,5937181,2026-06-17 00:00:00,,
PRD-000073,mombasa,PMS,T-KOT-04,READY,6601188,2026-06-19 00:00:00,,
PRD-000074,mombasa,DPK,T-KOT-02,READY,6466821,2026-06-19 19:00:00,,
PRD-000075,mombasa,PMS,T-KOT-01,READY,4162306,2026-06-20 18:00:00,,
PRD-000076,mombasa,PMS,T-KOT-04,READY,3145885,2026-06-21 16:00:00,,
PRD-000077,mombasa,AGO,T-KOT-01,READY,3554832,2026-06-23 12:00:00,,
PRD-000078,mombasa,AGO,T-KOT-02,READY,6720785,2026-06-24 23:00:00,,
PRD-000079,mombasa,AGO,T-KOT-01,READY,4190028,2026-06-26 11:00:00,,
PRD-000080,mombasa,AGO,T-KOT-02,READY,7385505,2026-06-27 23:00:00,,
PRD-000081,mombasa,PMS,T-KOT-02,READY,2928402,2026-06-28 23:00:00,,
PRD-000082,mombasa,PMS,T-KOT-01,READY,3719509,2026-06-30 18:00:00,,
PRD-000083,mombasa,JET-A1,T-KOT-04,READY,4179280,2026-07-02 09:00:00,,
PRD-000084,mombasa,PMS,T-KOT-04,READY,8278503,2026-07-03 22:00:00,,
PRD-000085,mombasa,PMS,T-KOT-02,READY,7727283,2026-07-05 18:00:00,,
PRD-000086,mombasa,JET-A1,T-KOT-03,READY,5481900,2026-07-06 20:00:00,,
PRD-000087,mombasa,AGO,T-KOT-03,READY,8212458,2026-07-07 21:00:00,,
PRD-000088,mombasa,PMS,T-KOT-03,READY,6402289,2026-07-09 02:00:00,,
PRD-000089,mombasa,AGO,T-KOT-03,READY,6228102,2026-07-10 19:00:00,,
PRD-000090,mombasa,AGO,T-KOT-03,READY,5876103,2026-07-12 15:00:00,,
PRD-000091,mombasa,DPK,T-KOT-03,READY,2618543,2026-07-13 23:00:00,,
PRD-000092,mombasa,PMS,T-KOT-01,READY,5514696,2026-07-15 02:00:00,,
PRD-000093,mombasa,DPK,T-KOT-04,READY,6398150,2026-07-16 01:00:00,,
PRD-000094,mombasa,PMS,T-KOT-02,READY,6635008,2026-07-17 14:00:00,,
PRD-000095,mombasa,DPK,T-KOT-02,READY,4696806,2026-07-19 02:00:00,,
PRD-000096,mombasa,AGO,T-KOT-01,READY,7478954,2026-07-20 03:00:00,,
PRD-000097,mombasa,AGO,T-KOT-04,CONSTRAINED,7775820,2026-07-21 09:00:00,2026-07-21 16:00:00,PIPELINE_BATCH_TRANSFER_ACTIVE
PRD-000098,mombasa,PMS,T-KOT-03,READY,6690067,2026-07-23 08:00:00,,
PRD-000099,mombasa,AGO,T-KOT-02,READY,5767234,2026-07-24 05:00:00,,
PRD-000100,mombasa,DPK,T-KOT-03,READY,2586382,2026-07-26 01:00:00,,
PRD-000101,mombasa,AGO,T-KOT-02,READY,6146705,2026-07-27 14:00:00,,
PRD-000102,mombasa,PMS,T-KOT-04,READY,4417819,2026-07-28 09:00:00,,
PRD-000103,mombasa,AGO,T-KOT-03,READY,3454188,2026-07-29 03:00:00,,
PRD-000104,mombasa,AGO,T-KOT-01,READY,4064484,2026-07-30 20:00:00,,
PRD-000105,mombasa,JET-A1,T-KOT-02,READY,2959630,2026-08-01 18:00:00,,
PRD-000106,mombasa,JET-A1,T-KOT-04,CONSTRAINED,2999454,2026-08-02 20:00:00,2026-08-03 10:00:00,SULFUR_PPM_ASSAY_RUN
PRD-000107,mombasa,JET-A1,T-KOT-01,READY,8089997,2026-08-03 20:00:00,,
PRD-000108,mombasa,DPK,T-KOT-01,READY,3568134,2026-08-04 19:00:00,,
PRD-000109,mombasa,JET-A1,T-KOT-04,READY,3157382,2026-08-05 14:00:00,,
PRD-000110,mombasa,PMS,T-KOT-04,READY,7595896,2026-08-07 13:00:00,,
PRD-000111,mombasa,JET-A1,T-KOT-03,READY,6134249,2026-08-08 20:00:00,,
PRD-000112,mombasa,PMS,T-KOT-02,READY,6903898,2026-08-10 07:00:00,,
PRD-000113,mombasa,PMS,T-KOT-03,READY,6223889,2026-08-11 11:00:00,,
PRD-000114,mombasa,PMS,T-KOT-04,READY,6579469,2026-08-12 15:00:00,,
PRD-000115,mombasa,PMS,T-KOT-04,READY,4871005,2026-08-13 21:00:00,,
PRD-000116,mombasa,DPK,T-KOT-02,READY,3012496,2026-08-15 10:00:00,,
PRD-000117,mombasa,DPK,T-KOT-03,READY,6663567,2026-08-17 04:00:00,,
PRD-000118,mombasa,JET-A1,T-KOT-04,READY,4375814,2026-08-18 17:00:00,,
PRD-000119,mombasa,AGO,T-KOT-04,READY,4374543,2026-08-19 12:00:00,,
PRD-000120,mombasa,DPK,T-KOT-01,READY,7887293,2026-08-21 12:00:00,,
PRD-000121,mombasa,AGO,T-KOT-01,READY,3114584,2026-08-23 00:00:00,,
PRD-000122,mombasa,PMS,T-KOT-02,READY,5982320,2026-08-24 21:00:00,,
PRD-000123,mombasa,JET-A1,T-KOT-03,READY,3592507,2026-08-26 04:00:00,,
PRD-000124,mombasa,DPK,T-KOT-03,READY,8474693,2026-08-27 09:00:00,,
PRD-000125,mombasa,JET-A1,T-KOT-02,READY,2904094,2026-08-28 06:00:00,,
PRD-000126,mombasa,PMS,T-KOT-01,READY,3312991,2026-08-29 12:00:00,,
PRD-000127,mombasa,PMS,T-KOT-04,READY,4899466,2026-08-30 07:00:00,,
PRD-000128,mombasa,JET-A1,T-KOT-02,READY,7147076,2026-08-31 18:00:00,,
PRD-000129,mombasa,AGO,T-KOT-02,READY,6845573,2026-09-01 12:00:00,,
PRD-000130,mombasa,JET-A1,T-KOT-02,CONSTRAINED,4300086,2026-09-02 11:00:00,2026-09-02 21:00:00,LAB_OCTANE_CERTIFICATION_PENDING
PRD-000131,mombasa,JET-A1,T-KOT-02,READY,6062646,2026-09-04 03:00:00,,
PRD-000132,mombasa,AGO,T-KOT-04,READY,8410008,2026-09-05 21:00:00,,
PRD-000133,mombasa,DPK,T-KOT-02,READY,5168539,2026-09-06 20:00:00,,
PRD-000134,mombasa,PMS,T-KOT-04,CONSTRAINED,3914079,2026-09-07 18:00:00,2026-09-08 06:00:00,SULFUR_PPM_ASSAY_RUN
PRD-000135,mombasa,DPK,T-KOT-04,READY,4100439,2026-09-08 20:00:00,,
PRD-000136,mombasa,DPK,T-KOT-03,READY,2586408,2026-09-10 20:00:00,,
PRD-000137,mombasa,AGO,T-KOT-04,READY,8435234,2026-09-11 20:00:00,,
PRD-000138,mombasa,JET-A1,T-KOT-03,READY,7510416,2026-09-13 15:00:00,,
PRD-000139,mombasa,DPK,T-KOT-04,READY,7002597,2026-09-15 15:00:00,,
PRD-000140,mombasa,AGO,T-KOT-02,READY,5810719,2026-09-16 10:00:00,,
PRD-000141,nakuru,DPK,T-PS2-01,READY,3135071,2026-06-12 05:00:00,,
PRD-000142,nakuru,DPK,T-PS2-01,READY,4830749,2026-06-14 01:00:00,,
PRD-000143,nakuru,DPK,T-PS2-02,READY,3555624,2026-06-16 01:00:00,,
PRD-000144,nakuru,AGO,T-PS2-02,READY,4414252,2026-06-17 07:00:00,,
PRD-000145,nakuru,DPK,T-PS2-04,READY,4009405,2026-06-19 06:00:00,,
PRD-000146,nakuru,PMS,T-PS2-03,READY,6132853,2026-06-20 21:00:00,,
PRD-000147,nakuru,JET-A1,T-PS2-03,READY,4202311,2026-06-22 13:00:00,,
PRD-000148,nakuru,PMS,T-PS2-04,READY,5392485,2026-06-23 20:00:00,,
PRD-000149,nakuru,PMS,T-PS2-03,READY,7816628,2026-06-25 15:00:00,,
PRD-000150,nakuru,DPK,T-PS2-01,READY,8026694,2026-06-27 04:00:00,,
PRD-000151,nakuru,JET-A1,T-PS2-02,CONSTRAINED,5260078,2026-06-28 01:00:00,2026-06-28 15:00:00,SULFUR_PPM_ASSAY_RUN
PRD-000152,nakuru,DPK,T-PS2-03,READY,7472268,2026-06-28 21:00:00,,
PRD-000153,nakuru,PMS,T-PS2-01,READY,6347174,2026-06-29 17:00:00,,
PRD-000154,nakuru,PMS,T-PS2-04,READY,4667901,2026-06-30 21:00:00,,
PRD-000155,nakuru,JET-A1,T-PS2-01,READY,3654574,2026-07-02 05:00:00,,
PRD-000156,nakuru,PMS,T-PS2-03,READY,6703146,2026-07-03 12:00:00,,
PRD-000157,nakuru,AGO,T-PS2-03,READY,3002382,2026-07-04 20:00:00,,
PRD-000158,nakuru,DPK,T-PS2-04,READY,6755296,2026-07-06 12:00:00,,
PRD-000159,nakuru,PMS,T-PS2-01,UNAVAILABLE,6268960,2026-07-08 07:00:00,2026-07-08 21:00:00,TANK_SETTLING_WATER_DRAINAGE
PRD-000160,nakuru,PMS,T-PS2-03,READY,2803554,2026-07-09 18:00:00,,
PRD-000161,nakuru,DPK,T-PS2-03,READY,7762867,2026-07-11 03:00:00,,
PRD-000162,nakuru,AGO,T-PS2-01,READY,3405064,2026-07-12 16:00:00,,
PRD-000163,nakuru,PMS,T-PS2-03,READY,4376355,2026-07-14 15:00:00,,
PRD-000164,nakuru,AGO,T-PS2-01,READY,4895362,2026-07-15 14:00:00,,
PRD-000165,nakuru,AGO,T-PS2-02,READY,3568570,2026-07-16 10:00:00,,
PRD-000166,nakuru,JET-A1,T-PS2-01,READY,3514449,2026-07-17 17:00:00,,
PRD-000167,nakuru,JET-A1,T-PS2-03,READY,3128129,2026-07-18 12:00:00,,
PRD-000168,nakuru,DPK,T-PS2-01,READY,3253552,2026-07-19 14:00:00,,
PRD-000169,nakuru,DPK,T-PS2-01,READY,4195669,2026-07-21 02:00:00,,
PRD-000170,nakuru,JET-A1,T-PS2-04,READY,5453575,2026-07-22 23:00:00,,
PRD-000171,nakuru,JET-A1,T-PS2-03,UNAVAILABLE,6376031,2026-07-24 15:00:00,2026-07-25 11:00:00,SULFUR_PPM_ASSAY_RUN
PRD-000172,nakuru,PMS,T-PS2-04,READY,6708497,2026-07-25 23:00:00,,
PRD-000173,nakuru,JET-A1,T-PS2-02,READY,4436242,2026-07-27 20:00:00,,
PRD-000174,nakuru,JET-A1,T-PS2-03,READY,4713838,2026-07-29 10:00:00,,
PRD-000175,nakuru,AGO,T-PS2-03,READY,5452239,2026-07-30 10:00:00,,
PRD-000176,nakuru,PMS,T-PS2-02,READY,7845669,2026-07-31 09:00:00,,
PRD-000177,nakuru,AGO,T-PS2-03,READY,6518977,2026-08-01 16:00:00,,
PRD-000178,nakuru,AGO,T-PS2-02,READY,5559434,2026-08-03 07:00:00,,
PRD-000179,nakuru,JET-A1,T-PS2-03,READY,5705207,2026-08-04 02:00:00,,
PRD-000180,nakuru,JET-A1,T-PS2-04,READY,2506363,2026-08-05 23:00:00,,
PRD-000181,nakuru,PMS,T-PS2-02,READY,5258116,2026-08-07 15:00:00,,
PRD-000182,nakuru,PMS,T-PS2-02,READY,4080980,2026-08-09 10:00:00,,
PRD-000183,nakuru,DPK,T-PS2-02,CONSTRAINED,3305292,2026-08-10 16:00:00,2026-08-10 22:00:00,TANK_SETTLING_WATER_DRAINAGE
PRD-000184,nakuru,DPK,T-PS2-02,CONSTRAINED,5600691,2026-08-12 14:00:00,2026-08-13 02:00:00,TANK_SETTLING_WATER_DRAINAGE
PRD-000185,nakuru,DPK,T-PS2-02,CONSTRAINED,8407697,2026-08-14 08:00:00,2026-08-15 03:00:00,PIPELINE_BATCH_TRANSFER_ACTIVE
PRD-000186,nakuru,JET-A1,T-PS2-04,READY,6358159,2026-08-15 17:00:00,,
PRD-000187,nakuru,JET-A1,T-PS2-03,READY,6160017,2026-08-17 13:00:00,,
PRD-000188,nakuru,JET-A1,T-PS2-02,READY,2835784,2026-08-19 04:00:00,,
PRD-000189,nakuru,PMS,T-PS2-01,READY,2672809,2026-08-20 12:00:00,,
PRD-000190,nakuru,PMS,T-PS2-03,READY,6136174,2026-08-21 18:00:00,,
PRD-000191,nakuru,DPK,T-PS2-03,READY,5033015,2026-08-23 08:00:00,,
PRD-000192,nakuru,JET-A1,T-PS2-02,UNAVAILABLE,6998752,2026-08-24 04:00:00,2026-08-24 11:00:00,TANK_SETTLING_WATER_DRAINAGE
PRD-000193,nakuru,JET-A1,T-PS2-04,READY,6555150,2026-08-25 02:00:00,,
PRD-000194,nakuru,PMS,T-PS2-02,READY,5713460,2026-08-26 01:00:00,,
PRD-000195,nakuru,DPK,T-PS2-04,READY,3469841,2026-08-27 18:00:00,,
PRD-000196,nakuru,JET-A1,T-PS2-01,READY,7578137,2026-08-28 19:00:00,,
PRD-000197,nakuru,JET-A1,T-PS2-04,READY,3624814,2026-08-30 09:00:00,,
PRD-000198,nakuru,PMS,T-PS2-02,READY,5240819,2026-08-31 03:00:00,,
PRD-000199,nakuru,PMS,T-PS2-01,READY,8391817,2026-09-01 20:00:00,,
PRD-000200,nakuru,AGO,T-PS2-03,READY,5945885,2026-09-03 06:00:00,,
PRD-000201,nakuru,JET-A1,T-PS2-01,READY,7447554,2026-09-04 21:00:00,,
PRD-000202,nakuru,DPK,T-PS2-04,READY,6933489,2026-09-06 04:00:00,,
PRD-000203,nakuru,JET-A1,T-PS2-02,UNAVAILABLE,5405266,2026-09-07 14:00:00,2026-09-08 07:00:00,TANK_SETTLING_WATER_DRAINAGE
PRD-000204,nakuru,PMS,T-PS2-03,READY,7200611,2026-09-08 10:00:00,,
PRD-000205,nakuru,AGO,T-PS2-01,READY,3951297,2026-09-09 12:00:00,,
PRD-000206,nakuru,JET-A1,T-PS2-03,READY,5463321,2026-09-10 22:00:00,,
PRD-000207,nakuru,AGO,T-PS2-04,READY,6674669,2026-09-12 01:00:00,,
PRD-000208,nakuru,AGO,T-PS2-03,READY,7071127,2026-09-13 16:00:00,,
PRD-000209,nakuru,AGO,T-PS2-04,UNAVAILABLE,6470167,2026-09-15 16:00:00,2026-09-15 23:00:00,LAB_OCTANE_CERTIFICATION_PENDING
PRD-000210,nakuru,DPK,T-PS2-04,READY,8035443,2026-09-16 10:00:00,,
PRD-000211,eldoret,DPK,T-PS2-02,READY,3562997,2026-06-13 01:00:00,,
PRD-000212,eldoret,AGO,T-PS2-03,UNAVAILABLE,2730384,2026-06-14 22:00:00,2026-06-15 20:00:00,LAB_OCTANE_CERTIFICATION_PENDING
PRD-000213,eldoret,PMS,T-PS2-01,READY,7342289,2026-06-16 02:00:00,,
PRD-000214,eldoret,DPK,T-PS2-03,READY,8361739,2026-06-18 00:00:00,,
PRD-000215,eldoret,AGO,T-PS2-02,READY,6794717,2026-06-18 20:00:00,,
PRD-000216,eldoret,PMS,T-PS2-01,READY,3154342,2026-06-20 13:00:00,,
PRD-000217,eldoret,DPK,T-PS2-02,READY,3981104,2026-06-21 21:00:00,,
PRD-000218,eldoret,PMS,T-PS2-04,READY,2870373,2026-06-22 23:00:00,,
PRD-000219,eldoret,JET-A1,T-PS2-02,READY,3234041,2026-06-24 02:00:00,,
PRD-000220,eldoret,AGO,T-PS2-04,READY,3413271,2026-06-24 23:00:00,,
PRD-000221,eldoret,PMS,T-PS2-04,READY,4309548,2026-06-26 08:00:00,,
PRD-000222,eldoret,JET-A1,T-PS2-01,READY,7576188,2026-06-27 03:00:00,,
PRD-000223,eldoret,JET-A1,T-PS2-04,READY,5138170,2026-06-27 22:00:00,,
PRD-000224,eldoret,AGO,T-PS2-03,READY,4023877,2026-06-28 19:00:00,,
PRD-000225,eldoret,AGO,T-PS2-01,READY,7892268,2026-06-29 17:00:00,,
PRD-000226,eldoret,AGO,T-PS2-03,READY,8441830,2026-07-01 03:00:00,,
PRD-000227,eldoret,JET-A1,T-PS2-02,READY,5890876,2026-07-02 22:00:00,,
PRD-000228,eldoret,PMS,T-PS2-01,READY,6195204,2026-07-04 11:00:00,,
PRD-000229,eldoret,DPK,T-PS2-03,READY,8452275,2026-07-05 15:00:00,,
PRD-000230,eldoret,PMS,T-PS2-02,READY,5869703,2026-07-07 14:00:00,,
PRD-000231,eldoret,AGO,T-PS2-04,READY,5774053,2026-07-08 18:00:00,,
PRD-000232,eldoret,JET-A1,T-PS2-04,READY,3049299,2026-07-10 01:00:00,,
PRD-000233,eldoret,AGO,T-PS2-02,CONSTRAINED,8085675,2026-07-11 01:00:00,2026-07-11 07:00:00,SULFUR_PPM_ASSAY_RUN
PRD-000234,eldoret,JET-A1,T-PS2-01,READY,4292740,2026-07-11 19:00:00,,
PRD-000235,eldoret,AGO,T-PS2-04,READY,6014094,2026-07-13 12:00:00,,
PRD-000236,eldoret,AGO,T-PS2-01,READY,7024071,2026-07-14 13:00:00,,
PRD-000237,eldoret,DPK,T-PS2-03,READY,2663326,2026-07-16 05:00:00,,
PRD-000238,eldoret,AGO,T-PS2-01,READY,2624258,2026-07-16 23:00:00,,
PRD-000239,eldoret,DPK,T-PS2-04,READY,8379982,2026-07-17 17:00:00,,
PRD-000240,eldoret,JET-A1,T-PS2-04,READY,5219871,2026-07-18 11:00:00,,
PRD-000241,eldoret,DPK,T-PS2-04,READY,5281557,2026-07-19 20:00:00,,
PRD-000242,eldoret,DPK,T-PS2-04,READY,2547340,2026-07-21 19:00:00,,
PRD-000243,eldoret,DPK,T-PS2-04,READY,3844567,2026-07-22 16:00:00,,
PRD-000244,eldoret,PMS,T-PS2-01,READY,3043406,2026-07-23 10:00:00,,
PRD-000245,eldoret,JET-A1,T-PS2-02,READY,3200905,2026-07-24 15:00:00,,
PRD-000246,eldoret,DPK,T-PS2-03,READY,4038979,2026-07-25 20:00:00,,
PRD-000247,eldoret,JET-A1,T-PS2-01,READY,3668192,2026-07-26 15:00:00,,
PRD-000248,eldoret,JET-A1,T-PS2-03,READY,3375409,2026-07-28 01:00:00,,
PRD-000249,eldoret,AGO,T-PS2-04,READY,6572874,2026-07-29 16:00:00,,
PRD-000250,eldoret,JET-A1,T-PS2-01,READY,6068254,2026-07-30 14:00:00,,
PRD-000251,eldoret,AGO,T-PS2-02,READY,3481887,2026-07-31 20:00:00,,
PRD-000252,eldoret,AGO,T-PS2-03,READY,3803339,2026-08-02 05:00:00,,
PRD-000253,eldoret,AGO,T-PS2-03,READY,7009747,2026-08-03 03:00:00,,
PRD-000254,eldoret,AGO,T-PS2-03,READY,8072463,2026-08-04 10:00:00,,
PRD-000255,eldoret,PMS,T-PS2-01,READY,5188574,2026-08-05 06:00:00,,
PRD-000256,eldoret,JET-A1,T-PS2-02,READY,5460383,2026-08-06 23:00:00,,
PRD-000257,eldoret,PMS,T-PS2-03,READY,5913459,2026-08-08 02:00:00,,
PRD-000258,eldoret,AGO,T-PS2-01,READY,3973534,2026-08-09 09:00:00,,
PRD-000259,eldoret,AGO,T-PS2-01,READY,5128623,2026-08-10 10:00:00,,
PRD-000260,eldoret,JET-A1,T-PS2-03,READY,3539643,2026-08-12 07:00:00,,
PRD-000261,eldoret,AGO,T-PS2-03,READY,6117893,2026-08-13 19:00:00,,
PRD-000262,eldoret,AGO,T-PS2-04,READY,5222586,2026-08-14 23:00:00,,
PRD-000263,eldoret,JET-A1,T-PS2-03,CONSTRAINED,6692180,2026-08-16 21:00:00,2026-08-17 10:00:00,LAB_OCTANE_CERTIFICATION_PENDING
PRD-000264,eldoret,PMS,T-PS2-04,READY,3450386,2026-08-18 19:00:00,,
PRD-000265,eldoret,AGO,T-PS2-02,READY,7324690,2026-08-19 22:00:00,,
PRD-000266,eldoret,JET-A1,T-PS2-03,READY,3995726,2026-08-21 20:00:00,,
PRD-000267,eldoret,DPK,T-PS2-01,READY,6017560,2026-08-23 17:00:00,,
PRD-000268,eldoret,PMS,T-PS2-02,READY,2839129,2026-08-25 06:00:00,,
PRD-000269,eldoret,DPK,T-PS2-02,READY,6776860,2026-08-26 18:00:00,,
PRD-000270,eldoret,DPK,T-PS2-04,READY,8057286,2026-08-28 16:00:00,,
PRD-000271,eldoret,PMS,T-PS2-01,READY,3684222,2026-08-29 22:00:00,,
PRD-000272,eldoret,PMS,T-PS2-04,READY,7683018,2026-08-30 22:00:00,,
PRD-000273,eldoret,DPK,T-PS2-02,READY,8417675,2026-09-01 13:00:00,,
PRD-000274,eldoret,JET-A1,T-PS2-04,READY,6455711,2026-09-03 00:00:00,,
PRD-000275,eldoret,PMS,T-PS2-01,READY,3726242,2026-09-04 21:00:00,,
PRD-000276,eldoret,DPK,T-PS2-02,READY,8102687,2026-09-06 20:00:00,,
PRD-000277,eldoret,AGO,T-PS2-03,READY,3983030,2026-09-08 09:00:00,,
PRD-000278,eldoret,PMS,T-PS2-01,READY,6834478,2026-09-09 12:00:00,,
PRD-000279,eldoret,JET-A1,T-PS2-02,CONSTRAINED,5196166,2026-09-10 12:00:00,2026-09-11 06:00:00,PIPELINE_BATCH_TRANSFER_ACTIVE
PRD-000280,eldoret,AGO,T-PS2-04,READY,8326995,2026-09-12 04:00:00,,
PRD-000281,eldoret,DPK,T-PS2-03,READY,2613639,2026-09-13 13:00:00,,
PRD-000282,eldoret,PMS,T-PS2-03,READY,7584366,2026-09-14 11:00:00,,
PRD-000283,eldoret,JET-A1,T-PS2-01,READY,4917094,2026-09-15 06:00:00,,
PRD-000284,eldoret,DPK,T-PS2-03,READY,3097388,2026-09-16 08:00:00,,
PRD-000285,kisumu,JET-A1,T-PS2-02,READY,5709091,2026-06-12 21:00:00,,
PRD-000286,kisumu,PMS,T-PS2-01,READY,3115735,2026-06-13 21:00:00,,
PRD-000287,kisumu,DPK,T-PS2-01,READY,8294270,2026-06-14 23:00:00,,
PRD-000288,kisumu,AGO,T-PS2-04,READY,7051164,2026-06-16 05:00:00,,
PRD-000289,kisumu,AGO,T-PS2-04,READY,3503580,2026-06-17 22:00:00,,
PRD-000290,kisumu,DPK,T-PS2-01,READY,7117752,2026-06-19 03:00:00,,
PRD-000291,kisumu,JET-A1,T-PS2-03,READY,4223952,2026-06-20 16:00:00,,
PRD-000292,kisumu,JET-A1,T-PS2-04,READY,3894282,2026-06-22 00:00:00,,
PRD-000293,kisumu,PMS,T-PS2-02,READY,7594538,2026-06-24 00:00:00,,
PRD-000294,kisumu,PMS,T-PS2-04,READY,6703380,2026-06-24 22:00:00,,
PRD-000295,kisumu,PMS,T-PS2-02,READY,5541222,2026-06-25 17:00:00,,
PRD-000296,kisumu,JET-A1,T-PS2-02,READY,2506671,2026-06-26 23:00:00,,
PRD-000297,kisumu,PMS,T-PS2-01,READY,3229754,2026-06-28 16:00:00,,
PRD-000298,kisumu,AGO,T-PS2-02,READY,7461753,2026-06-30 01:00:00,,
PRD-000299,kisumu,AGO,T-PS2-02,CONSTRAINED,3791097,2026-07-01 09:00:00,2026-07-01 23:00:00,TANK_SETTLING_WATER_DRAINAGE
PRD-000300,kisumu,DPK,T-PS2-01,READY,4739781,2026-07-02 18:00:00,,
PRD-000301,kisumu,PMS,T-PS2-03,READY,4743445,2026-07-04 15:00:00,,
PRD-000302,kisumu,AGO,T-PS2-03,READY,3819357,2026-07-06 08:00:00,,
PRD-000303,kisumu,AGO,T-PS2-03,READY,5528704,2026-07-07 07:00:00,,
PRD-000304,kisumu,DPK,T-PS2-03,READY,4136255,2026-07-08 04:00:00,,
PRD-000305,kisumu,AGO,T-PS2-03,READY,3014030,2026-07-09 04:00:00,,
PRD-000306,kisumu,AGO,T-PS2-01,READY,7977296,2026-07-11 00:00:00,,
PRD-000307,kisumu,JET-A1,T-PS2-03,READY,4211315,2026-07-12 06:00:00,,
PRD-000308,kisumu,PMS,T-PS2-01,CONSTRAINED,6353635,2026-07-13 22:00:00,2026-07-14 21:00:00,PIPELINE_BATCH_TRANSFER_ACTIVE
PRD-000309,kisumu,PMS,T-PS2-02,READY,5675758,2026-07-15 14:00:00,,
PRD-000310,kisumu,JET-A1,T-PS2-03,READY,8207780,2026-07-16 12:00:00,,
PRD-000311,kisumu,AGO,T-PS2-03,READY,2632198,2026-07-17 21:00:00,,
PRD-000312,kisumu,JET-A1,T-PS2-03,READY,8181143,2026-07-19 16:00:00,,
PRD-000313,kisumu,AGO,T-PS2-01,CONSTRAINED,6377297,2026-07-20 22:00:00,2026-07-21 09:00:00,TANK_SETTLING_WATER_DRAINAGE
PRD-000314,kisumu,AGO,T-PS2-03,READY,3911726,2026-07-22 06:00:00,,
PRD-000315,kisumu,PMS,T-PS2-04,READY,6912969,2026-07-23 00:00:00,,
PRD-000316,kisumu,JET-A1,T-PS2-03,READY,5583500,2026-07-24 19:00:00,,
PRD-000317,kisumu,PMS,T-PS2-04,READY,5021826,2026-07-26 16:00:00,,
PRD-000318,kisumu,AGO,T-PS2-02,READY,7689211,2026-07-27 12:00:00,,
PRD-000319,kisumu,PMS,T-PS2-02,READY,8446474,2026-07-29 09:00:00,,
PRD-000320,kisumu,JET-A1,T-PS2-04,READY,4380289,2026-07-30 08:00:00,,
PRD-000321,kisumu,AGO,T-PS2-04,CONSTRAINED,6297149,2026-08-01 03:00:00,2026-08-02 02:00:00,LAB_OCTANE_CERTIFICATION_PENDING
PRD-000322,kisumu,AGO,T-PS2-03,READY,7549530,2026-08-02 20:00:00,,
PRD-000323,kisumu,PMS,T-PS2-01,READY,3604613,2026-08-03 21:00:00,,
PRD-000324,kisumu,JET-A1,T-PS2-01,READY,6579192,2026-08-05 20:00:00,,
PRD-000325,kisumu,DPK,T-PS2-02,READY,7418726,2026-08-07 18:00:00,,
PRD-000326,kisumu,AGO,T-PS2-03,CONSTRAINED,4492848,2026-08-09 16:00:00,2026-08-10 03:00:00,LAB_OCTANE_CERTIFICATION_PENDING
PRD-000327,kisumu,DPK,T-PS2-04,UNAVAILABLE,7921450,2026-08-11 14:00:00,2026-08-12 08:00:00,TANK_SETTLING_WATER_DRAINAGE
PRD-000328,kisumu,DPK,T-PS2-01,READY,7339866,2026-08-13 09:00:00,,
PRD-000329,kisumu,JET-A1,T-PS2-03,READY,5722392,2026-08-15 00:00:00,,
PRD-000330,kisumu,JET-A1,T-PS2-02,READY,4880596,2026-08-15 19:00:00,,
PRD-000331,kisumu,PMS,T-PS2-01,READY,7766466,2026-08-17 12:00:00,,
PRD-000332,kisumu,JET-A1,T-PS2-04,UNAVAILABLE,6046258,2026-08-19 07:00:00,2026-08-20 07:00:00,TANK_SETTLING_WATER_DRAINAGE
PRD-000333,kisumu,AGO,T-PS2-01,READY,7988657,2026-08-20 09:00:00,,
PRD-000334,kisumu,AGO,T-PS2-02,READY,4159570,2026-08-21 18:00:00,,
PRD-000335,kisumu,DPK,T-PS2-04,READY,4015449,2026-08-23 05:00:00,,
PRD-000336,kisumu,DPK,T-PS2-03,READY,4597901,2026-08-24 21:00:00,,
PRD-000337,kisumu,AGO,T-PS2-01,READY,7323122,2026-08-25 17:00:00,,
PRD-000338,kisumu,PMS,T-PS2-03,READY,5055130,2026-08-27 06:00:00,,
PRD-000339,kisumu,JET-A1,T-PS2-03,READY,3415591,2026-08-28 16:00:00,,
PRD-000340,kisumu,DPK,T-PS2-03,READY,8333329,2026-08-29 15:00:00,,
PRD-000341,kisumu,PMS,T-PS2-01,READY,4660129,2026-08-31 12:00:00,,
PRD-000342,kisumu,AGO,T-PS2-02,READY,3556001,2026-09-01 11:00:00,,
PRD-000343,kisumu,PMS,T-PS2-03,READY,2604467,2026-09-03 08:00:00,,
PRD-000344,kisumu,PMS,T-PS2-01,READY,3264619,2026-09-04 09:00:00,,
PRD-000345,kisumu,PMS,T-PS2-01,READY,8112873,2026-09-05 18:00:00,,
PRD-000346,kisumu,JET-A1,T-PS2-01,READY,5921027,2026-09-07 15:00:00,,
PRD-000347,kisumu,PMS,T-PS2-02,UNAVAILABLE,4933212,2026-09-09 13:00:00,2026-09-10 11:00:00,PIPELINE_BATCH_TRANSFER_ACTIVE
PRD-000348,kisumu,DPK,T-PS2-01,READY,6804807,2026-09-11 09:00:00,,
PRD-000349,kisumu,JET-A1,T-PS2-03,READY,4141500,2026-09-12 18:00:00,,
PRD-000350,kisumu,DPK,T-PS2-04,READY,6880052,2026-09-14 09:00:00,,
PRD-000351,kisumu,PMS,T-PS2-04,READY,7667721,2026-09-15 23:00:00,,
