risk_event_id,depot_id,detected_at,risk_category,severity,predicted_turnaround_min,baseline_turnaround_min,dwell_delta_min,exposure_at_risk_kes,primary_root_cause,affected_orders_count,status
RSK-NBO-20260915-01,nairobi,2026-09-15 10:02:18,TURNAROUND_RISK,HIGH,114,65,49,1850000,Loading Capacity Deficit (5/8 bays online) + Peak Arrival Surge,6,MITIGATED
RSK-ELD-00002,eldoret,2026-06-11 15:00:00,PRODUCT_READINESS,CRITICAL,82,50,32,1066640,Tank Recertification Hold,8,MITIGATED
RSK-ELD-00003,eldoret,2026-06-12 10:00:00,TURNAROUND_RISK,HIGH,74,50,24,400000,Gantry Queue Congestion + Slow Metering,4,MITIGATED
RSK-ELD-00004,eldoret,2026-06-12 16:00:00,PRODUCT_READINESS,LOW,70,50,20,666640,Tank Recertification Hold,8,MITIGATED
RSK-NAK-00005,nakuru,2026-06-13 19:00:00,QUEUE_PRESSURE,MEDIUM,65,58,7,233280,Clustered Transporter Arrivals,8,MITIGATED
RSK-NAI-00006,nairobi,2026-06-14 07:00:00,ARRIVAL_CLUSTERING,LOW,80,65,15,250000,Morning Peak Arrival Surge,4,MITIGATED
RSK-MOM-00007,mombasa,2026-06-14 13:00:00,ARRIVAL_CLUSTERING,HIGH,111,72,39,1300000,Morning Peak Arrival Surge,8,MITIGATED
RSK-NAI-00008,nairobi,2026-06-14 21:00:00,EQUIPMENT_CONSTRAINT,MEDIUM,71,65,6,50000,Flow Meter Temperature Sensor Drift,2,MITIGATED
RSK-ELD-00009,eldoret,2026-06-15 06:00:00,CAPACITY_PRESSURE,HIGH,93,50,43,1254120,Loading Position Offline for Maintenance,7,MITIGATED
RSK-MOM-00010,mombasa,2026-06-15 10:00:00,CAPACITY_PRESSURE,MEDIUM,89,72,17,566640,Loading Position Offline for Maintenance,8,MITIGATED
RSK-NAI-00011,nairobi,2026-06-15 16:00:00,PRODUCT_READINESS,MEDIUM,84,65,19,633280,Tank Recertification Hold,8,MITIGATED
RSK-MOM-00012,mombasa,2026-06-16 07:00:00,ARRIVAL_CLUSTERING,HIGH,85,72,13,108320,Morning Peak Arrival Surge,2,MITIGATED
RSK-NAI-00013,nairobi,2026-06-16 12:00:00,TURNAROUND_RISK,HIGH,106,65,41,1366640,Gantry Queue Congestion + Slow Metering,8,MITIGATED
RSK-NAI-00014,nairobi,2026-06-16 20:00:00,ARRIVAL_CLUSTERING,CRITICAL,83,65,18,150000,Morning Peak Arrival Surge,2,MITIGATED
RSK-MOM-00015,mombasa,2026-06-17 14:00:00,TURNAROUND_RISK,MEDIUM,86,72,14,408310,Gantry Queue Congestion + Slow Metering,7,MITIGATED
RSK-ELD-00016,eldoret,2026-06-18 00:00:00,CAPACITY_PRESSURE,HIGH,94,50,44,1099980,Loading Position Offline for Maintenance,6,MITIGATED
RSK-MOM-00017,mombasa,2026-06-18 12:00:00,TURNAROUND_RISK,HIGH,113,72,41,1195810,Gantry Queue Congestion + Slow Metering,7,MITIGATED
RSK-KIS-00018,kisumu,2026-06-19 00:00:00,TURNAROUND_RISK,MEDIUM,64,45,19,316640,Gantry Queue Congestion + Slow Metering,4,MITIGATED
RSK-NAI-00019,nairobi,2026-06-19 11:00:00,CAPACITY_PRESSURE,MEDIUM,71,65,6,150000,Loading Position Offline for Maintenance,6,MITIGATED
RSK-NAK-00020,nakuru,2026-06-20 00:00:00,PRODUCT_READINESS,MEDIUM,74,58,16,333300,Tank Recertification Hold,5,MITIGATED
RSK-NAK-00021,nakuru,2026-06-20 06:00:00,EQUIPMENT_CONSTRAINT,LOW,65,58,7,174960,Flow Meter Temperature Sensor Drift,6,MITIGATED
RSK-NAI-00022,nairobi,2026-06-20 08:00:00,PRODUCT_READINESS,CRITICAL,77,65,12,250000,Tank Recertification Hold,5,MITIGATED
RSK-MOM-00023,mombasa,2026-06-20 10:00:00,ARRIVAL_CLUSTERING,LOW,83,72,11,366640,Morning Peak Arrival Surge,8,MITIGATED
RSK-ELD-00024,eldoret,2026-06-20 12:00:00,PRODUCT_READINESS,LOW,65,50,15,375000,Tank Recertification Hold,6,MITIGATED
RSK-NAI-00025,nairobi,2026-06-21 05:00:00,EQUIPMENT_CONSTRAINT,HIGH,77,65,12,100000,Flow Meter Temperature Sensor Drift,2,MITIGATED
RSK-NAI-00026,nairobi,2026-06-21 10:00:00,EQUIPMENT_CONSTRAINT,HIGH,81,65,16,466620,Flow Meter Temperature Sensor Drift,7,MITIGATED
RSK-MOM-00027,mombasa,2026-06-21 21:00:00,TURNAROUND_RISK,LOW,87,72,15,187500,Gantry Queue Congestion + Slow Metering,3,MITIGATED
RSK-NAK-00028,nakuru,2026-06-22 03:00:00,CAPACITY_PRESSURE,HIGH,89,58,31,1033280,Loading Position Offline for Maintenance,8,MITIGATED
RSK-NAI-00029,nairobi,2026-06-22 05:00:00,EQUIPMENT_CONSTRAINT,MEDIUM,83,65,18,150000,Flow Meter Temperature Sensor Drift,2,MITIGATED
RSK-MOM-00030,mombasa,2026-06-22 08:00:00,PRODUCT_READINESS,LOW,88,72,16,399960,Tank Recertification Hold,6,MITIGATED
RSK-ELD-00031,eldoret,2026-06-22 11:00:00,QUEUE_PRESSURE,HIGH,76,50,26,758310,Clustered Transporter Arrivals,7,MITIGATED
RSK-MOM-00032,mombasa,2026-06-22 16:00:00,CAPACITY_PRESSURE,MEDIUM,90,72,18,525000,Loading Position Offline for Maintenance,7,MITIGATED
RSK-NAI-00033,nairobi,2026-06-22 18:00:00,EQUIPMENT_CONSTRAINT,HIGH,110,65,45,1500000,Flow Meter Temperature Sensor Drift,8,MITIGATED
RSK-MOM-00034,mombasa,2026-06-22 23:00:00,ARRIVAL_CLUSTERING,LOW,88,72,16,533280,Morning Peak Arrival Surge,8,MITIGATED
RSK-NAK-00035,nakuru,2026-06-24 02:00:00,PRODUCT_READINESS,CRITICAL,88,58,30,250000,Tank Recertification Hold,2,MITIGATED
RSK-NAI-00036,nairobi,2026-06-24 04:00:00,ARRIVAL_CLUSTERING,MEDIUM,79,65,14,174990,Morning Peak Arrival Surge,3,MITIGATED
RSK-NAI-00037,nairobi,2026-06-24 08:00:00,CAPACITY_PRESSURE,MEDIUM,75,65,10,333280,Loading Position Offline for Maintenance,8,MITIGATED
RSK-ELD-00038,eldoret,2026-06-24 10:00:00,QUEUE_PRESSURE,MEDIUM,63,50,13,379120,Clustered Transporter Arrivals,7,MITIGATED
RSK-MOM-00039,mombasa,2026-06-25 02:00:00,ARRIVAL_CLUSTERING,MEDIUM,92,72,20,416650,Morning Peak Arrival Surge,5,MONITORING
RSK-MOM-00040,mombasa,2026-06-25 06:00:00,CAPACITY_PRESSURE,LOW,89,72,17,212490,Loading Position Offline for Maintenance,3,MITIGATED
RSK-MOM-00041,mombasa,2026-06-25 12:00:00,QUEUE_PRESSURE,LOW,81,72,9,300000,Clustered Transporter Arrivals,8,MITIGATED
RSK-MOM-00042,mombasa,2026-06-25 15:00:00,PRODUCT_READINESS,HIGH,91,72,19,633280,Tank Recertification Hold,8,MITIGATED
RSK-NAK-00043,nakuru,2026-06-26 12:00:00,EQUIPMENT_CONSTRAINT,HIGH,93,58,35,291660,Flow Meter Temperature Sensor Drift,2,MITIGATED
RSK-ELD-00044,eldoret,2026-06-26 16:00:00,EQUIPMENT_CONSTRAINT,MEDIUM,62,50,12,100000,Flow Meter Temperature Sensor Drift,2,MITIGATED
RSK-MOM-00045,mombasa,2026-06-26 19:00:00,TURNAROUND_RISK,MEDIUM,83,72,11,320810,Gantry Queue Congestion + Slow Metering,7,MITIGATED
RSK-NAI-00046,nairobi,2026-06-27 00:00:00,PRODUCT_READINESS,HIGH,105,65,40,1333280,Tank Recertification Hold,8,MITIGATED
RSK-ELD-00047,eldoret,2026-06-27 14:00:00,CAPACITY_PRESSURE,HIGH,77,50,27,562500,Loading Position Offline for Maintenance,5,MONITORING
RSK-NAI-00048,nairobi,2026-06-27 20:00:00,TURNAROUND_RISK,HIGH,103,65,38,1266640,Gantry Queue Congestion + Slow Metering,8,MITIGATED
RSK-NAI-00049,nairobi,2026-06-27 22:00:00,PRODUCT_READINESS,HIGH,83,65,18,300000,Tank Recertification Hold,4,MITIGATED
RSK-MOM-00050,mombasa,2026-06-28 10:00:00,EQUIPMENT_CONSTRAINT,MEDIUM,79,72,7,145800,Flow Meter Temperature Sensor Drift,5,MITIGATED
RSK-NAI-00051,nairobi,2026-06-28 14:00:00,TURNAROUND_RISK,HIGH,93,65,28,466640,Gantry Queue Congestion + Slow Metering,4,MONITORING
RSK-ELD-00052,eldoret,2026-06-29 16:00:00,PRODUCT_READINESS,MEDIUM,56,50,6,175000,Tank Recertification Hold,7,MITIGATED
RSK-NAI-00053,nairobi,2026-06-29 18:00:00,TURNAROUND_RISK,MEDIUM,76,65,11,320810,Gantry Queue Congestion + Slow Metering,7,MITIGATED
RSK-NAK-00054,nakuru,2026-06-30 05:00:00,QUEUE_PRESSURE,MEDIUM,67,58,9,225000,Clustered Transporter Arrivals,6,MITIGATED
RSK-NAK-00055,nakuru,2026-06-30 07:00:00,EQUIPMENT_CONSTRAINT,MEDIUM,64,58,6,125000,Flow Meter Temperature Sensor Drift,5,MITIGATED
RSK-MOM-00056,mombasa,2026-06-30 11:00:00,ARRIVAL_CLUSTERING,LOW,82,72,10,291620,Morning Peak Arrival Surge,7,MITIGATED
RSK-MOM-00057,mombasa,2026-06-30 16:00:00,QUEUE_PRESSURE,LOW,78,72,6,100000,Clustered Transporter Arrivals,4,MITIGATED
RSK-KIS-00058,kisumu,2026-06-30 18:00:00,ARRIVAL_CLUSTERING,HIGH,71,45,26,649980,Morning Peak Arrival Surge,6,MONITORING
RSK-MOM-00059,mombasa,2026-07-01 02:00:00,TURNAROUND_RISK,LOW,85,72,13,162480,Gantry Queue Congestion + Slow Metering,3,MITIGATED
RSK-NAI-00060,nairobi,2026-07-01 10:00:00,PRODUCT_READINESS,MEDIUM,85,65,20,333320,Tank Recertification Hold,4,MITIGATED
RSK-ELD-00061,eldoret,2026-07-01 15:00:00,TURNAROUND_RISK,HIGH,83,50,33,687500,Gantry Queue Congestion + Slow Metering,5,MONITORING
RSK-NAI-00062,nairobi,2026-07-02 02:00:00,EQUIPMENT_CONSTRAINT,MEDIUM,80,65,15,375000,Flow Meter Temperature Sensor Drift,6,MITIGATED
RSK-NAK-00063,nakuru,2026-07-02 07:00:00,PRODUCT_READINESS,HIGH,101,58,43,716640,Tank Recertification Hold,4,MONITORING
RSK-KIS-00064,kisumu,2026-07-02 10:00:00,EQUIPMENT_CONSTRAINT,HIGH,81,45,36,1200000,Flow Meter Temperature Sensor Drift,8,MITIGATED
RSK-MOM-00065,mombasa,2026-07-02 14:00:00,CAPACITY_PRESSURE,HIGH,99,72,27,675000,Loading Position Offline for Maintenance,6,MITIGATED
RSK-NAK-00066,nakuru,2026-07-02 19:00:00,TURNAROUND_RISK,MEDIUM,74,58,16,133320,Gantry Queue Congestion + Slow Metering,2,MITIGATED
RSK-NAI-00067,nairobi,2026-07-03 01:00:00,EQUIPMENT_CONSTRAINT,MEDIUM,78,65,13,162480,Flow Meter Temperature Sensor Drift,3,MITIGATED
RSK-NAI-00068,nairobi,2026-07-03 06:00:00,EQUIPMENT_CONSTRAINT,MEDIUM,82,65,17,354150,Flow Meter Temperature Sensor Drift,5,MITIGATED
RSK-NAI-00069,nairobi,2026-07-03 14:00:00,TURNAROUND_RISK,MEDIUM,75,65,10,166640,Gantry Queue Congestion + Slow Metering,4,MITIGATED
RSK-NAI-00070,nairobi,2026-07-03 16:00:00,ARRIVAL_CLUSTERING,MEDIUM,85,65,20,166660,Morning Peak Arrival Surge,2,MITIGATED
RSK-NAI-00071,nairobi,2026-07-03 23:00:00,TURNAROUND_RISK,HIGH,105,65,40,999960,Gantry Queue Congestion + Slow Metering,6,MITIGATED
RSK-NAI-00072,nairobi,2026-07-04 03:00:00,CAPACITY_PRESSURE,MEDIUM,85,65,20,416650,Loading Position Offline for Maintenance,5,MITIGATED
RSK-KIS-00073,kisumu,2026-07-04 05:00:00,ARRIVAL_CLUSTERING,MEDIUM,55,45,10,124980,Morning Peak Arrival Surge,3,MITIGATED
RSK-NAK-00074,nakuru,2026-07-04 10:00:00,TURNAROUND_RISK,HIGH,91,58,33,412500,Gantry Queue Congestion + Slow Metering,3,MITIGATED
RSK-ELD-00075,eldoret,2026-07-04 14:00:00,EQUIPMENT_CONSTRAINT,HIGH,85,50,35,874980,Flow Meter Temperature Sensor Drift,6,MITIGATED
RSK-NAI-00076,nairobi,2026-07-04 18:00:00,ARRIVAL_CLUSTERING,MEDIUM,80,65,15,312500,Morning Peak Arrival Surge,5,MITIGATED
RSK-MOM-00077,mombasa,2026-07-04 21:00:00,QUEUE_PRESSURE,HIGH,102,72,30,500000,Clustered Transporter Arrivals,4,MITIGATED
RSK-NAI-00078,nairobi,2026-07-05 03:00:00,TURNAROUND_RISK,HIGH,90,65,25,312480,Gantry Queue Congestion + Slow Metering,3,MITIGATED
RSK-MOM-00079,mombasa,2026-07-05 10:00:00,TURNAROUND_RISK,MEDIUM,80,72,8,266640,Gantry Queue Congestion + Slow Metering,8,MITIGATED
RSK-MOM-00080,mombasa,2026-07-05 18:00:00,EQUIPMENT_CONSTRAINT,MEDIUM,90,72,18,300000,Flow Meter Temperature Sensor Drift,4,MITIGATED
RSK-NAK-00081,nakuru,2026-07-05 23:00:00,ARRIVAL_CLUSTERING,MEDIUM,71,58,13,216640,Morning Peak Arrival Surge,4,MITIGATED
RSK-NAK-00082,nakuru,2026-07-06 02:00:00,TURNAROUND_RISK,MEDIUM,76,58,18,600000,Gantry Queue Congestion + Slow Metering,8,MITIGATED
RSK-NAK-00083,nakuru,2026-07-06 11:00:00,TURNAROUND_RISK,MEDIUM,70,58,12,250000,Gantry Queue Congestion + Slow Metering,5,MITIGATED
RSK-NAK-00084,nakuru,2026-07-07 02:00:00,ARRIVAL_CLUSTERING,MEDIUM,78,58,20,666640,Morning Peak Arrival Surge,8,MONITORING
RSK-ELD-00085,eldoret,2026-07-07 04:00:00,TURNAROUND_RISK,HIGH,77,50,27,562500,Gantry Queue Congestion + Slow Metering,5,MITIGATED
RSK-MOM-00086,mombasa,2026-07-07 08:00:00,EQUIPMENT_CONSTRAINT,MEDIUM,83,72,11,183320,Flow Meter Temperature Sensor Drift,4,MITIGATED
RSK-MOM-00087,mombasa,2026-07-08 12:00:00,TURNAROUND_RISK,MEDIUM,87,72,15,375000,Gantry Queue Congestion + Slow Metering,6,MITIGATED
RSK-MOM-00088,mombasa,2026-07-09 01:00:00,QUEUE_PRESSURE,MEDIUM,88,72,16,266640,Clustered Transporter Arrivals,4,MONITORING
RSK-NAI-00089,nairobi,2026-07-09 11:00:00,PRODUCT_READINESS,HIGH,83,65,18,225000,Tank Recertification Hold,3,MITIGATED
RSK-KIS-00090,kisumu,2026-07-09 19:00:00,TURNAROUND_RISK,MEDIUM,56,45,11,274980,Gantry Queue Congestion + Slow Metering,6,MITIGATED
RSK-KIS-00091,kisumu,2026-07-10 01:00:00,QUEUE_PRESSURE,MEDIUM,61,45,16,333300,Clustered Transporter Arrivals,5,MITIGATED
RSK-KIS-00092,kisumu,2026-07-10 04:00:00,TURNAROUND_RISK,MEDIUM,63,45,18,300000,Gantry Queue Congestion + Slow Metering,4,MITIGATED
RSK-MOM-00093,mombasa,2026-07-10 19:00:00,CAPACITY_PRESSURE,HIGH,106,72,34,283320,Loading Position Offline for Maintenance,2,MITIGATED
RSK-NAI-00094,nairobi,2026-07-10 21:00:00,ARRIVAL_CLUSTERING,CRITICAL,101,65,36,900000,Morning Peak Arrival Surge,6,MITIGATED
RSK-NAI-00095,nairobi,2026-07-11 01:00:00,CAPACITY_PRESSURE,LOW,83,65,18,375000,Loading Position Offline for Maintenance,5,MONITORING
RSK-NAI-00096,nairobi,2026-07-11 03:00:00,ARRIVAL_CLUSTERING,HIGH,109,65,44,1283310,Morning Peak Arrival Surge,7,MITIGATED
RSK-ELD-00097,eldoret,2026-07-11 09:00:00,ARRIVAL_CLUSTERING,MEDIUM,68,50,18,225000,Morning Peak Arrival Surge,3,MITIGATED
RSK-NAI-00098,nairobi,2026-07-11 11:00:00,CAPACITY_PRESSURE,MEDIUM,80,65,15,312500,Loading Position Offline for Maintenance,5,MITIGATED
RSK-MOM-00099,mombasa,2026-07-11 21:00:00,TURNAROUND_RISK,MEDIUM,91,72,19,474960,Gantry Queue Congestion + Slow Metering,6,MITIGATED
RSK-NAK-00100,nakuru,2026-07-12 01:00:00,EQUIPMENT_CONSTRAINT,HIGH,89,58,31,258320,Flow Meter Temperature Sensor Drift,2,MITIGATED
RSK-NAI-00101,nairobi,2026-07-12 05:00:00,QUEUE_PRESSURE,HIGH,77,65,12,150000,Clustered Transporter Arrivals,3,MITIGATED
RSK-ELD-00102,eldoret,2026-07-12 09:00:00,ARRIVAL_CLUSTERING,HIGH,80,50,30,875000,Morning Peak Arrival Surge,7,MITIGATED
RSK-MOM-00103,mombasa,2026-07-12 18:00:00,EQUIPMENT_CONSTRAINT,MEDIUM,92,72,20,166660,Flow Meter Temperature Sensor Drift,2,MITIGATED
RSK-MOM-00104,mombasa,2026-07-12 21:00:00,EQUIPMENT_CONSTRAINT,MEDIUM,88,72,16,333300,Flow Meter Temperature Sensor Drift,5,MITIGATED
RSK-ELD-00105,eldoret,2026-07-13 09:00:00,ARRIVAL_CLUSTERING,MEDIUM,70,50,20,333320,Morning Peak Arrival Surge,4,MITIGATED
RSK-NAI-00106,nairobi,2026-07-13 15:00:00,PRODUCT_READINESS,MEDIUM,84,65,19,237480,Tank Recertification Hold,3,MITIGATED
RSK-MOM-00107,mombasa,2026-07-14 01:00:00,TURNAROUND_RISK,LOW,84,72,12,400000,Gantry Queue Congestion + Slow Metering,8,MITIGATED
RSK-MOM-00108,mombasa,2026-07-14 03:00:00,QUEUE_PRESSURE,LOW,82,72,10,83320,Clustered Transporter Arrivals,2,MITIGATED
RSK-NAI-00109,nairobi,2026-07-14 08:00:00,PRODUCT_READINESS,MEDIUM,80,65,15,437500,Tank Recertification Hold,7,MITIGATED
RSK-MOM-00110,mombasa,2026-07-15 12:00:00,EQUIPMENT_CONSTRAINT,MEDIUM,84,72,12,150000,Flow Meter Temperature Sensor Drift,3,MITIGATED
RSK-MOM-00111,mombasa,2026-07-15 14:00:00,EQUIPMENT_CONSTRAINT,LOW,90,72,18,525000,Flow Meter Temperature Sensor Drift,7,MITIGATED
RSK-ELD-00112,eldoret,2026-07-15 19:00:00,QUEUE_PRESSURE,MEDIUM,63,50,13,162480,Clustered Transporter Arrivals,3,MITIGATED
RSK-NAI-00113,nairobi,2026-07-16 20:00:00,PRODUCT_READINESS,HIGH,102,65,37,462480,Tank Recertification Hold,3,MITIGATED
RSK-NAK-00114,nakuru,2026-07-17 00:00:00,TURNAROUND_RISK,MEDIUM,73,58,15,250000,Gantry Queue Congestion + Slow Metering,4,MITIGATED
RSK-KIS-00115,kisumu,2026-07-17 05:00:00,CAPACITY_PRESSURE,LOW,51,45,6,200000,Loading Position Offline for Maintenance,8,MITIGATED
RSK-ELD-00116,eldoret,2026-07-17 08:00:00,EQUIPMENT_CONSTRAINT,HIGH,66,50,16,466620,Flow Meter Temperature Sensor Drift,7,MITIGATED
RSK-ELD-00117,eldoret,2026-07-17 13:00:00,TURNAROUND_RISK,LOW,59,50,9,112500,Gantry Queue Congestion + Slow Metering,3,MONITORING
RSK-MOM-00118,mombasa,2026-07-17 22:00:00,ARRIVAL_CLUSTERING,HIGH,84,72,12,250000,Morning Peak Arrival Surge,5,MITIGATED
RSK-MOM-00119,mombasa,2026-07-18 01:00:00,QUEUE_PRESSURE,CRITICAL,98,72,26,433320,Clustered Transporter Arrivals,4,MITIGATED
RSK-MOM-00120,mombasa,2026-07-18 04:00:00,EQUIPMENT_CONSTRAINT,LOW,87,72,15,250000,Flow Meter Temperature Sensor Drift,4,MONITORING
RSK-MOM-00121,mombasa,2026-07-18 17:00:00,PRODUCT_READINESS,MEDIUM,79,72,7,233280,Tank Recertification Hold,8,MITIGATED
RSK-MOM-00122,mombasa,2026-07-19 03:00:00,CAPACITY_PRESSURE,MEDIUM,82,72,10,249960,Loading Position Offline for Maintenance,6,MITIGATED
RSK-NAI-00123,nairobi,2026-07-19 06:00:00,QUEUE_PRESSURE,CRITICAL,90,65,25,416640,Clustered Transporter Arrivals,4,MONITORING
RSK-NAI-00124,nairobi,2026-07-19 12:00:00,PRODUCT_READINESS,MEDIUM,74,65,9,150000,Tank Recertification Hold,4,MITIGATED
RSK-NAI-00125,nairobi,2026-07-19 16:00:00,ARRIVAL_CLUSTERING,LOW,82,65,17,212490,Morning Peak Arrival Surge,3,MITIGATED
RSK-MOM-00126,mombasa,2026-07-19 21:00:00,CAPACITY_PRESSURE,MEDIUM,84,72,12,150000,Loading Position Offline for Maintenance,3,MITIGATED
RSK-NAI-00127,nairobi,2026-07-20 04:00:00,TURNAROUND_RISK,LOW,79,65,14,408310,Gantry Queue Congestion + Slow Metering,7,MITIGATED
RSK-KIS-00128,kisumu,2026-07-20 19:00:00,CAPACITY_PRESSURE,MEDIUM,55,45,10,249960,Loading Position Offline for Maintenance,6,MITIGATED
RSK-KIS-00129,kisumu,2026-07-20 22:00:00,QUEUE_PRESSURE,CRITICAL,60,45,15,125000,Clustered Transporter Arrivals,2,MITIGATED
RSK-NAI-00130,nairobi,2026-07-21 02:00:00,EQUIPMENT_CONSTRAINT,MEDIUM,80,65,15,187500,Flow Meter Temperature Sensor Drift,3,MITIGATED
RSK-KIS-00131,kisumu,2026-07-21 15:00:00,PRODUCT_READINESS,HIGH,84,45,39,1137500,Tank Recertification Hold,7,MITIGATED
RSK-MOM-00132,mombasa,2026-07-21 19:00:00,PRODUCT_READINESS,MEDIUM,84,72,12,100000,Tank Recertification Hold,2,MITIGATED
RSK-NAK-00133,nakuru,2026-07-21 21:00:00,PRODUCT_READINESS,LOW,78,58,20,416650,Tank Recertification Hold,5,MITIGATED
RSK-NAI-00134,nairobi,2026-07-22 01:00:00,PRODUCT_READINESS,MEDIUM,71,65,6,150000,Tank Recertification Hold,6,MITIGATED
RSK-MOM-00135,mombasa,2026-07-22 14:00:00,CAPACITY_PRESSURE,MEDIUM,89,72,17,354150,Loading Position Offline for Maintenance,5,MITIGATED
RSK-KIS-00136,kisumu,2026-07-22 23:00:00,ARRIVAL_CLUSTERING,HIGH,58,45,13,162480,Morning Peak Arrival Surge,3,MITIGATED
RSK-NAI-00137,nairobi,2026-07-24 02:00:00,CAPACITY_PRESSURE,MEDIUM,83,65,18,375000,Loading Position Offline for Maintenance,5,MITIGATED
RSK-NAK-00138,nakuru,2026-07-24 08:00:00,ARRIVAL_CLUSTERING,HIGH,76,58,18,225000,Morning Peak Arrival Surge,3,MITIGATED
RSK-NAI-00139,nairobi,2026-07-24 11:00:00,QUEUE_PRESSURE,MEDIUM,79,65,14,408310,Clustered Transporter Arrivals,7,MITIGATED
RSK-NAK-00140,nakuru,2026-07-24 15:00:00,ARRIVAL_CLUSTERING,HIGH,86,58,28,933280,Morning Peak Arrival Surge,8,MITIGATED
RSK-KIS-00141,kisumu,2026-07-25 16:00:00,PRODUCT_READINESS,MEDIUM,61,45,16,266640,Tank Recertification Hold,4,MITIGATED
RSK-NAI-00142,nairobi,2026-07-25 19:00:00,ARRIVAL_CLUSTERING,LOW,73,65,8,99990,Morning Peak Arrival Surge,3,MITIGATED
RSK-MOM-00143,mombasa,2026-07-26 00:00:00,ARRIVAL_CLUSTERING,LOW,82,72,10,333280,Morning Peak Arrival Surge,8,MITIGATED
RSK-NAI-00144,nairobi,2026-07-26 03:00:00,TURNAROUND_RISK,LOW,79,65,14,116660,Gantry Queue Congestion + Slow Metering,2,MITIGATED
RSK-NAI-00145,nairobi,2026-07-26 10:00:00,PRODUCT_READINESS,MEDIUM,76,65,11,320810,Tank Recertification Hold,7,MITIGATED
RSK-ELD-00146,eldoret,2026-07-27 22:00:00,QUEUE_PRESSURE,HIGH,91,50,41,512490,Clustered Transporter Arrivals,3,MITIGATED
RSK-MOM-00147,mombasa,2026-07-28 00:00:00,PRODUCT_READINESS,HIGH,102,72,30,250000,Tank Recertification Hold,2,MITIGATED
RSK-ELD-00148,eldoret,2026-07-28 06:00:00,TURNAROUND_RISK,LOW,60,50,10,83320,Gantry Queue Congestion + Slow Metering,2,MITIGATED
RSK-MOM-00149,mombasa,2026-07-28 11:00:00,TURNAROUND_RISK,HIGH,85,72,13,270800,Gantry Queue Congestion + Slow Metering,5,MITIGATED
RSK-MOM-00150,mombasa,2026-07-28 16:00:00,PRODUCT_READINESS,HIGH,87,72,15,250000,Tank Recertification Hold,4,MITIGATED
RSK-NAI-00151,nairobi,2026-07-28 18:00:00,PRODUCT_READINESS,HIGH,97,65,32,399990,Tank Recertification Hold,3,MITIGATED
RSK-MOM-00152,mombasa,2026-07-28 23:00:00,QUEUE_PRESSURE,LOW,91,72,19,237480,Clustered Transporter Arrivals,3,MITIGATED
RSK-ELD-00153,eldoret,2026-07-29 04:00:00,ARRIVAL_CLUSTERING,MEDIUM,62,50,12,300000,Morning Peak Arrival Surge,6,MITIGATED
RSK-MOM-00154,mombasa,2026-07-29 06:00:00,PRODUCT_READINESS,CRITICAL,88,72,16,333300,Tank Recertification Hold,5,MONITORING
RSK-MOM-00155,mombasa,2026-07-29 11:00:00,PRODUCT_READINESS,CRITICAL,93,72,21,437500,Tank Recertification Hold,5,MITIGATED
RSK-NAI-00156,nairobi,2026-07-30 18:00:00,CAPACITY_PRESSURE,MEDIUM,82,65,17,212490,Loading Position Offline for Maintenance,3,MONITORING
RSK-ELD-00157,eldoret,2026-07-31 09:00:00,CAPACITY_PRESSURE,HIGH,72,50,22,366640,Loading Position Offline for Maintenance,4,MITIGATED
RSK-NAK-00158,nakuru,2026-07-31 12:00:00,EQUIPMENT_CONSTRAINT,HIGH,83,58,25,624960,Flow Meter Temperature Sensor Drift,6,MITIGATED
RSK-MOM-00159,mombasa,2026-08-01 02:00:00,ARRIVAL_CLUSTERING,CRITICAL,107,72,35,1166640,Morning Peak Arrival Surge,8,MITIGATED
RSK-NAI-00160,nairobi,2026-08-01 09:00:00,TURNAROUND_RISK,MEDIUM,82,65,17,424980,Gantry Queue Congestion + Slow Metering,6,MITIGATED
RSK-MOM-00161,mombasa,2026-08-01 15:00:00,CAPACITY_PRESSURE,HIGH,100,72,28,699960,Loading Position Offline for Maintenance,6,MITIGATED
RSK-ELD-00162,eldoret,2026-08-01 22:00:00,QUEUE_PRESSURE,LOW,68,50,18,300000,Clustered Transporter Arrivals,4,MITIGATED
RSK-ELD-00163,eldoret,2026-08-02 03:00:00,TURNAROUND_RISK,MEDIUM,61,50,11,366640,Gantry Queue Congestion + Slow Metering,8,MONITORING
RSK-NAK-00164,nakuru,2026-08-02 11:00:00,CAPACITY_PRESSURE,HIGH,98,58,40,1166620,Loading Position Offline for Maintenance,7,MITIGATED
RSK-NAI-00165,nairobi,2026-08-02 23:00:00,EQUIPMENT_CONSTRAINT,MEDIUM,77,65,12,300000,Flow Meter Temperature Sensor Drift,6,MITIGATED
RSK-NAI-00166,nairobi,2026-08-03 06:00:00,QUEUE_PRESSURE,HIGH,99,65,34,283320,Clustered Transporter Arrivals,2,MONITORING
RSK-ELD-00167,eldoret,2026-08-03 12:00:00,EQUIPMENT_CONSTRAINT,HIGH,75,50,25,208320,Flow Meter Temperature Sensor Drift,2,MITIGATED
RSK-MOM-00168,mombasa,2026-08-04 03:00:00,PRODUCT_READINESS,MEDIUM,83,72,11,274980,Tank Recertification Hold,6,MITIGATED
RSK-KIS-00169,kisumu,2026-08-04 11:00:00,EQUIPMENT_CONSTRAINT,LOW,53,45,8,66660,Flow Meter Temperature Sensor Drift,2,MITIGATED
RSK-KIS-00170,kisumu,2026-08-04 14:00:00,ARRIVAL_CLUSTERING,MEDIUM,63,45,18,300000,Morning Peak Arrival Surge,4,MITIGATED
RSK-NAI-00171,nairobi,2026-08-05 00:00:00,EQUIPMENT_CONSTRAINT,LOW,83,65,18,225000,Flow Meter Temperature Sensor Drift,3,MITIGATED
RSK-MOM-00172,mombasa,2026-08-05 03:00:00,TURNAROUND_RISK,LOW,87,72,15,125000,Gantry Queue Congestion + Slow Metering,2,MITIGATED
RSK-ELD-00173,eldoret,2026-08-05 07:00:00,QUEUE_PRESSURE,HIGH,63,50,13,162480,Clustered Transporter Arrivals,3,MITIGATED
RSK-MOM-00174,mombasa,2026-08-05 09:00:00,QUEUE_PRESSURE,LOW,92,72,20,499980,Clustered Transporter Arrivals,6,MITIGATED
RSK-NAI-00175,nairobi,2026-08-05 15:00:00,EQUIPMENT_CONSTRAINT,MEDIUM,78,65,13,162480,Flow Meter Temperature Sensor Drift,3,MITIGATED
RSK-KIS-00176,kisumu,2026-08-05 19:00:00,CAPACITY_PRESSURE,MEDIUM,54,45,9,225000,Loading Position Offline for Maintenance,6,MITIGATED
RSK-ELD-00177,eldoret,2026-08-06 00:00:00,PRODUCT_READINESS,MEDIUM,59,50,9,225000,Tank Recertification Hold,6,MITIGATED
RSK-MOM-00178,mombasa,2026-08-06 02:00:00,QUEUE_PRESSURE,HIGH,107,72,35,583320,Clustered Transporter Arrivals,4,MITIGATED
RSK-MOM-00179,mombasa,2026-08-06 07:00:00,PRODUCT_READINESS,HIGH,109,72,37,1233280,Tank Recertification Hold,8,MITIGATED
RSK-ELD-00180,eldoret,2026-08-06 13:00:00,ARRIVAL_CLUSTERING,CRITICAL,82,50,32,1066640,Morning Peak Arrival Surge,8,MITIGATED
RSK-NAI-00181,nairobi,2026-08-06 19:00:00,EQUIPMENT_CONSTRAINT,MEDIUM,72,65,7,204120,Flow Meter Temperature Sensor Drift,7,MITIGATED
RSK-MOM-00182,mombasa,2026-08-06 22:00:00,QUEUE_PRESSURE,MEDIUM,79,72,7,145800,Clustered Transporter Arrivals,5,MONITORING
RSK-NAK-00183,nakuru,2026-08-07 00:00:00,ARRIVAL_CLUSTERING,LOW,73,58,15,312500,Morning Peak Arrival Surge,5,MITIGATED
RSK-ELD-00184,eldoret,2026-08-07 12:00:00,EQUIPMENT_CONSTRAINT,HIGH,73,50,23,574980,Flow Meter Temperature Sensor Drift,6,MITIGATED
RSK-NAK-00185,nakuru,2026-08-07 16:00:00,EQUIPMENT_CONSTRAINT,HIGH,74,58,16,199980,Flow Meter Temperature Sensor Drift,3,MITIGATED
RSK-MOM-00186,mombasa,2026-08-08 00:00:00,PRODUCT_READINESS,HIGH,109,72,37,770800,Tank Recertification Hold,5,MONITORING
RSK-NAI-00187,nairobi,2026-08-08 09:00:00,EQUIPMENT_CONSTRAINT,MEDIUM,80,65,15,125000,Flow Meter Temperature Sensor Drift,2,MITIGATED
RSK-NAK-00188,nakuru,2026-08-08 17:00:00,EQUIPMENT_CONSTRAINT,HIGH,99,58,41,1195810,Flow Meter Temperature Sensor Drift,7,MITIGATED
RSK-NAK-00189,nakuru,2026-08-09 20:00:00,QUEUE_PRESSURE,HIGH,72,58,14,233320,Clustered Transporter Arrivals,4,MITIGATED
RSK-NAI-00190,nairobi,2026-08-09 22:00:00,TURNAROUND_RISK,MEDIUM,79,65,14,291650,Gantry Queue Congestion + Slow Metering,5,MONITORING
RSK-KIS-00191,kisumu,2026-08-10 04:00:00,PRODUCT_READINESS,MEDIUM,57,45,12,400000,Tank Recertification Hold,8,MONITORING
RSK-KIS-00192,kisumu,2026-08-10 12:00:00,ARRIVAL_CLUSTERING,LOW,61,45,16,133320,Morning Peak Arrival Surge,2,MITIGATED
RSK-NAI-00193,nairobi,2026-08-10 20:00:00,QUEUE_PRESSURE,CRITICAL,81,65,16,266640,Clustered Transporter Arrivals,4,MITIGATED
RSK-ELD-00194,eldoret,2026-08-11 03:00:00,QUEUE_PRESSURE,MEDIUM,58,50,8,99990,Clustered Transporter Arrivals,3,MITIGATED
RSK-MOM-00195,mombasa,2026-08-11 05:00:00,TURNAROUND_RISK,HIGH,93,72,21,175000,Gantry Queue Congestion + Slow Metering,2,MITIGATED
RSK-NAI-00196,nairobi,2026-08-11 19:00:00,QUEUE_PRESSURE,MEDIUM,78,65,13,324960,Clustered Transporter Arrivals,6,MITIGATED
RSK-MOM-00197,mombasa,2026-08-11 23:00:00,EQUIPMENT_CONSTRAINT,LOW,79,72,7,233280,Flow Meter Temperature Sensor Drift,8,MONITORING
RSK-NAI-00198,nairobi,2026-08-12 04:00:00,QUEUE_PRESSURE,CRITICAL,95,65,30,625000,Clustered Transporter Arrivals,5,MITIGATED
RSK-KIS-00199,kisumu,2026-08-12 08:00:00,EQUIPMENT_CONSTRAINT,LOW,60,45,15,437500,Flow Meter Temperature Sensor Drift,7,MITIGATED
RSK-MOM-00200,mombasa,2026-08-12 12:00:00,PRODUCT_READINESS,HIGH,99,72,27,787500,Tank Recertification Hold,7,MITIGATED
RSK-KIS-00201,kisumu,2026-08-12 21:00:00,CAPACITY_PRESSURE,HIGH,84,45,39,975000,Loading Position Offline for Maintenance,6,MITIGATED
RSK-NAI-00202,nairobi,2026-08-13 00:00:00,ARRIVAL_CLUSTERING,LOW,82,65,17,566640,Morning Peak Arrival Surge,8,MITIGATED
RSK-NAI-00203,nairobi,2026-08-13 03:00:00,CAPACITY_PRESSURE,HIGH,94,65,29,483320,Loading Position Offline for Maintenance,4,MITIGATED
RSK-MOM-00204,mombasa,2026-08-13 06:00:00,EQUIPMENT_CONSTRAINT,HIGH,109,72,37,462480,Flow Meter Temperature Sensor Drift,3,MONITORING
RSK-NAK-00205,nakuru,2026-08-13 08:00:00,CAPACITY_PRESSURE,HIGH,85,58,27,675000,Loading Position Offline for Maintenance,6,MITIGATED
RSK-ELD-00206,eldoret,2026-08-13 15:00:00,QUEUE_PRESSURE,MEDIUM,65,50,15,250000,Clustered Transporter Arrivals,4,MITIGATED
RSK-MOM-00207,mombasa,2026-08-13 19:00:00,TURNAROUND_RISK,MEDIUM,80,72,8,166650,Gantry Queue Congestion + Slow Metering,5,MONITORING
RSK-ELD-00208,eldoret,2026-08-14 03:00:00,EQUIPMENT_CONSTRAINT,LOW,58,50,8,66660,Flow Meter Temperature Sensor Drift,2,MITIGATED
RSK-KIS-00209,kisumu,2026-08-14 08:00:00,PRODUCT_READINESS,MEDIUM,56,45,11,229150,Tank Recertification Hold,5,MITIGATED
RSK-NAI-00210,nairobi,2026-08-14 11:00:00,TURNAROUND_RISK,MEDIUM,78,65,13,108320,Gantry Queue Congestion + Slow Metering,2,MITIGATED
RSK-MOM-00211,mombasa,2026-08-14 15:00:00,ARRIVAL_CLUSTERING,MEDIUM,79,72,7,145800,Morning Peak Arrival Surge,5,MITIGATED
RSK-MOM-00212,mombasa,2026-08-14 21:00:00,PRODUCT_READINESS,LOW,84,72,12,150000,Tank Recertification Hold,3,MITIGATED
RSK-NAI-00213,nairobi,2026-08-15 06:00:00,EQUIPMENT_CONSTRAINT,MEDIUM,73,65,8,66660,Flow Meter Temperature Sensor Drift,2,MITIGATED
RSK-NAI-00214,nairobi,2026-08-15 11:00:00,EQUIPMENT_CONSTRAINT,MEDIUM,80,65,15,312500,Flow Meter Temperature Sensor Drift,5,MITIGATED
RSK-NAK-00215,nakuru,2026-08-15 14:00:00,QUEUE_PRESSURE,HIGH,101,58,43,895800,Clustered Transporter Arrivals,5,MITIGATED
RSK-MOM-00216,mombasa,2026-08-15 20:00:00,TURNAROUND_RISK,MEDIUM,82,72,10,124980,Gantry Queue Congestion + Slow Metering,3,MITIGATED
RSK-NAI-00217,nairobi,2026-08-15 23:00:00,EQUIPMENT_CONSTRAINT,MEDIUM,85,65,20,416650,Flow Meter Temperature Sensor Drift,5,MITIGATED
RSK-NAI-00218,nairobi,2026-08-16 08:00:00,TURNAROUND_RISK,LOW,71,65,6,75000,Gantry Queue Congestion + Slow Metering,3,MITIGATED
RSK-MOM-00219,mombasa,2026-08-16 11:00:00,EQUIPMENT_CONSTRAINT,MEDIUM,78,72,6,150000,Flow Meter Temperature Sensor Drift,6,MONITORING
RSK-NAK-00220,nakuru,2026-08-16 16:00:00,TURNAROUND_RISK,CRITICAL,88,58,30,750000,Gantry Queue Congestion + Slow Metering,6,MITIGATED
RSK-NAK-00221,nakuru,2026-08-16 22:00:00,TURNAROUND_RISK,HIGH,78,58,20,499980,Gantry Queue Congestion + Slow Metering,6,MONITORING
RSK-MOM-00222,mombasa,2026-08-17 06:00:00,PRODUCT_READINESS,HIGH,96,72,24,600000,Tank Recertification Hold,6,MITIGATED
RSK-NAK-00223,nakuru,2026-08-17 08:00:00,TURNAROUND_RISK,MEDIUM,72,58,14,408310,Gantry Queue Congestion + Slow Metering,7,MITIGATED
RSK-ELD-00224,eldoret,2026-08-17 16:00:00,ARRIVAL_CLUSTERING,LOW,70,50,20,666640,Morning Peak Arrival Surge,8,MITIGATED
RSK-MOM-00225,mombasa,2026-08-17 22:00:00,PRODUCT_READINESS,LOW,89,72,17,495810,Tank Recertification Hold,7,MITIGATED
RSK-MOM-00226,mombasa,2026-08-18 15:00:00,EQUIPMENT_CONSTRAINT,MEDIUM,83,72,11,229150,Flow Meter Temperature Sensor Drift,5,MITIGATED
RSK-MOM-00227,mombasa,2026-08-19 04:00:00,QUEUE_PRESSURE,HIGH,109,72,37,308320,Clustered Transporter Arrivals,2,MITIGATED
RSK-MOM-00228,mombasa,2026-08-19 07:00:00,ARRIVAL_CLUSTERING,HIGH,97,72,25,520800,Morning Peak Arrival Surge,5,MITIGATED
RSK-MOM-00229,mombasa,2026-08-19 10:00:00,QUEUE_PRESSURE,LOW,80,72,8,66660,Clustered Transporter Arrivals,2,MITIGATED
RSK-MOM-00230,mombasa,2026-08-20 00:00:00,ARRIVAL_CLUSTERING,HIGH,92,72,20,666640,Morning Peak Arrival Surge,8,MITIGATED
RSK-MOM-00231,mombasa,2026-08-20 06:00:00,ARRIVAL_CLUSTERING,HIGH,113,72,41,1195810,Morning Peak Arrival Surge,7,MITIGATED
RSK-NAI-00232,nairobi,2026-08-20 14:00:00,TURNAROUND_RISK,MEDIUM,75,65,10,333280,Gantry Queue Congestion + Slow Metering,8,MITIGATED
RSK-ELD-00233,eldoret,2026-08-20 20:00:00,QUEUE_PRESSURE,CRITICAL,71,50,21,175000,Clustered Transporter Arrivals,2,MITIGATED
RSK-NAI-00234,nairobi,2026-08-21 02:00:00,PRODUCT_READINESS,MEDIUM,77,65,12,300000,Tank Recertification Hold,6,MITIGATED
RSK-KIS-00235,kisumu,2026-08-21 05:00:00,QUEUE_PRESSURE,MEDIUM,61,45,16,399960,Clustered Transporter Arrivals,6,MITIGATED
RSK-MOM-00236,mombasa,2026-08-21 16:00:00,CAPACITY_PRESSURE,MEDIUM,92,72,20,249990,Loading Position Offline for Maintenance,3,MITIGATED
RSK-NAI-00237,nairobi,2026-08-21 20:00:00,CAPACITY_PRESSURE,LOW,71,65,6,175000,Loading Position Offline for Maintenance,7,MONITORING
RSK-NAI-00238,nairobi,2026-08-21 22:00:00,CAPACITY_PRESSURE,LOW,71,65,6,150000,Loading Position Offline for Maintenance,6,MITIGATED
RSK-NAK-00239,nakuru,2026-08-22 02:00:00,QUEUE_PRESSURE,MEDIUM,73,58,15,187500,Clustered Transporter Arrivals,3,MITIGATED
RSK-NAI-00240,nairobi,2026-08-22 05:00:00,EQUIPMENT_CONSTRAINT,CRITICAL,93,65,28,466640,Flow Meter Temperature Sensor Drift,4,MITIGATED
RSK-ELD-00241,eldoret,2026-08-22 07:00:00,EQUIPMENT_CONSTRAINT,HIGH,65,50,15,375000,Flow Meter Temperature Sensor Drift,6,MITIGATED
RSK-NAI-00242,nairobi,2026-08-22 12:00:00,CAPACITY_PRESSURE,LOW,81,65,16,533280,Loading Position Offline for Maintenance,8,MITIGATED
RSK-ELD-00243,eldoret,2026-08-22 17:00:00,ARRIVAL_CLUSTERING,LOW,56,50,6,200000,Morning Peak Arrival Surge,8,MITIGATED
RSK-NAI-00244,nairobi,2026-08-22 21:00:00,EQUIPMENT_CONSTRAINT,MEDIUM,77,65,12,350000,Flow Meter Temperature Sensor Drift,7,MITIGATED
RSK-KIS-00245,kisumu,2026-08-23 17:00:00,PRODUCT_READINESS,HIGH,60,45,15,500000,Tank Recertification Hold,8,MITIGATED
RSK-MOM-00246,mombasa,2026-08-23 20:00:00,TURNAROUND_RISK,HIGH,107,72,35,874980,Gantry Queue Congestion + Slow Metering,6,MITIGATED
RSK-MOM-00247,mombasa,2026-08-24 01:00:00,TURNAROUND_RISK,CRITICAL,104,72,32,799980,Gantry Queue Congestion + Slow Metering,6,MITIGATED
RSK-NAI-00248,nairobi,2026-08-24 07:00:00,ARRIVAL_CLUSTERING,MEDIUM,84,65,19,633280,Morning Peak Arrival Surge,8,MITIGATED
RSK-NAK-00249,nakuru,2026-08-24 13:00:00,EQUIPMENT_CONSTRAINT,CRITICAL,92,58,34,1133280,Flow Meter Temperature Sensor Drift,8,MITIGATED
RSK-NAK-00250,nakuru,2026-08-25 05:00:00,TURNAROUND_RISK,MEDIUM,67,58,9,75000,Gantry Queue Congestion + Slow Metering,2,MITIGATED
RSK-MOM-00251,mombasa,2026-08-25 14:00:00,EQUIPMENT_CONSTRAINT,HIGH,85,72,13,379120,Flow Meter Temperature Sensor Drift,7,MITIGATED
RSK-MOM-00252,mombasa,2026-08-26 01:00:00,EQUIPMENT_CONSTRAINT,LOW,86,72,14,291650,Flow Meter Temperature Sensor Drift,5,MITIGATED
RSK-NAI-00253,nairobi,2026-08-26 06:00:00,EQUIPMENT_CONSTRAINT,CRITICAL,77,65,12,350000,Flow Meter Temperature Sensor Drift,7,MITIGATED
RSK-NAK-00254,nakuru,2026-08-26 12:00:00,ARRIVAL_CLUSTERING,MEDIUM,76,58,18,225000,Morning Peak Arrival Surge,3,MONITORING
RSK-MOM-00255,mombasa,2026-08-26 16:00:00,TURNAROUND_RISK,MEDIUM,91,72,19,395800,Gantry Queue Congestion + Slow Metering,5,MITIGATED
RSK-MOM-00256,mombasa,2026-08-26 22:00:00,TURNAROUND_RISK,LOW,84,72,12,350000,Gantry Queue Congestion + Slow Metering,7,MITIGATED
RSK-ELD-00257,eldoret,2026-08-27 03:00:00,ARRIVAL_CLUSTERING,MEDIUM,56,50,6,75000,Morning Peak Arrival Surge,3,MITIGATED
RSK-NAI-00258,nairobi,2026-08-27 07:00:00,QUEUE_PRESSURE,MEDIUM,82,65,17,354150,Clustered Transporter Arrivals,5,MITIGATED
RSK-MOM-00259,mombasa,2026-08-27 12:00:00,TURNAROUND_RISK,CRITICAL,107,72,35,729150,Gantry Queue Congestion + Slow Metering,5,MITIGATED
RSK-ELD-00260,eldoret,2026-08-27 14:00:00,EQUIPMENT_CONSTRAINT,MEDIUM,60,50,10,166640,Flow Meter Temperature Sensor Drift,4,MITIGATED
RSK-MOM-00261,mombasa,2026-08-27 19:00:00,PRODUCT_READINESS,LOW,79,72,7,58320,Tank Recertification Hold,2,MITIGATED
RSK-MOM-00262,mombasa,2026-08-27 23:00:00,QUEUE_PRESSURE,HIGH,109,72,37,924960,Clustered Transporter Arrivals,6,MITIGATED
RSK-ELD-00263,eldoret,2026-08-28 04:00:00,TURNAROUND_RISK,MEDIUM,62,50,12,250000,Gantry Queue Congestion + Slow Metering,5,MONITORING
RSK-MOM-00264,mombasa,2026-08-28 07:00:00,CAPACITY_PRESSURE,MEDIUM,88,72,16,533280,Loading Position Offline for Maintenance,8,MITIGATED
RSK-NAI-00265,nairobi,2026-08-28 16:00:00,QUEUE_PRESSURE,MEDIUM,75,65,10,249960,Clustered Transporter Arrivals,6,MITIGATED
RSK-NAK-00266,nakuru,2026-08-28 21:00:00,PRODUCT_READINESS,LOW,75,58,17,283320,Tank Recertification Hold,4,MITIGATED
RSK-NAI-00267,nairobi,2026-08-29 06:00:00,EQUIPMENT_CONSTRAINT,HIGH,87,65,22,733280,Flow Meter Temperature Sensor Drift,8,MITIGATED
RSK-ELD-00268,eldoret,2026-08-29 14:00:00,ARRIVAL_CLUSTERING,MEDIUM,56,50,6,75000,Morning Peak Arrival Surge,3,MONITORING
RSK-NAK-00269,nakuru,2026-08-29 19:00:00,ARRIVAL_CLUSTERING,MEDIUM,68,58,10,333280,Morning Peak Arrival Surge,8,MITIGATED
RSK-NAK-00270,nakuru,2026-08-30 02:00:00,CAPACITY_PRESSURE,CRITICAL,100,58,42,525000,Loading Position Offline for Maintenance,3,MITIGATED
RSK-NAK-00271,nakuru,2026-08-30 07:00:00,ARRIVAL_CLUSTERING,MEDIUM,65,58,7,233280,Morning Peak Arrival Surge,8,MITIGATED
RSK-MOM-00272,mombasa,2026-08-31 10:00:00,CAPACITY_PRESSURE,MEDIUM,89,72,17,283320,Loading Position Offline for Maintenance,4,MITIGATED
RSK-MOM-00273,mombasa,2026-08-31 12:00:00,QUEUE_PRESSURE,LOW,83,72,11,274980,Clustered Transporter Arrivals,6,MONITORING
RSK-MOM-00274,mombasa,2026-08-31 20:00:00,EQUIPMENT_CONSTRAINT,HIGH,105,72,33,275000,Flow Meter Temperature Sensor Drift,2,MITIGATED
RSK-NAI-00275,nairobi,2026-09-01 16:00:00,ARRIVAL_CLUSTERING,MEDIUM,84,65,19,316640,Morning Peak Arrival Surge,4,MONITORING
RSK-MOM-00276,mombasa,2026-09-01 19:00:00,TURNAROUND_RISK,LOW,81,72,9,150000,Gantry Queue Congestion + Slow Metering,4,MITIGATED
RSK-NAI-00277,nairobi,2026-09-02 01:00:00,ARRIVAL_CLUSTERING,LOW,84,65,19,474960,Morning Peak Arrival Surge,6,MITIGATED
RSK-KIS-00278,kisumu,2026-09-02 12:00:00,CAPACITY_PRESSURE,MEDIUM,60,45,15,312500,Loading Position Offline for Maintenance,5,MITIGATED
RSK-NAI-00279,nairobi,2026-09-02 18:00:00,TURNAROUND_RISK,LOW,79,65,14,233320,Gantry Queue Congestion + Slow Metering,4,MITIGATED
RSK-NAI-00280,nairobi,2026-09-03 06:00:00,TURNAROUND_RISK,HIGH,78,65,13,162480,Gantry Queue Congestion + Slow Metering,3,MITIGATED
RSK-NAI-00281,nairobi,2026-09-03 15:00:00,CAPACITY_PRESSURE,MEDIUM,83,65,18,600000,Loading Position Offline for Maintenance,8,MITIGATED
RSK-MOM-00282,mombasa,2026-09-04 02:00:00,EQUIPMENT_CONSTRAINT,MEDIUM,84,72,12,400000,Flow Meter Temperature Sensor Drift,8,MITIGATED
RSK-NAK-00283,nakuru,2026-09-04 13:00:00,EQUIPMENT_CONSTRAINT,MEDIUM,77,58,19,237480,Flow Meter Temperature Sensor Drift,3,MITIGATED
RSK-MOM-00284,mombasa,2026-09-05 01:00:00,EQUIPMENT_CONSTRAINT,LOW,83,72,11,137490,Flow Meter Temperature Sensor Drift,3,MITIGATED
RSK-ELD-00285,eldoret,2026-09-05 05:00:00,CAPACITY_PRESSURE,MEDIUM,65,50,15,375000,Loading Position Offline for Maintenance,6,MITIGATED
RSK-MOM-00286,mombasa,2026-09-05 15:00:00,TURNAROUND_RISK,MEDIUM,90,72,18,300000,Gantry Queue Congestion + Slow Metering,4,MITIGATED
RSK-KIS-00287,kisumu,2026-09-05 20:00:00,QUEUE_PRESSURE,MEDIUM,56,45,11,229150,Clustered Transporter Arrivals,5,MITIGATED
RSK-KIS-00288,kisumu,2026-09-06 12:00:00,QUEUE_PRESSURE,MEDIUM,54,45,9,75000,Clustered Transporter Arrivals,2,MITIGATED
RSK-NAI-00289,nairobi,2026-09-07 04:00:00,EQUIPMENT_CONSTRAINT,MEDIUM,76,65,11,91660,Flow Meter Temperature Sensor Drift,2,MITIGATED
RSK-NAI-00290,nairobi,2026-09-07 07:00:00,EQUIPMENT_CONSTRAINT,MEDIUM,77,65,12,100000,Flow Meter Temperature Sensor Drift,2,MITIGATED
RSK-NAK-00291,nakuru,2026-09-07 12:00:00,ARRIVAL_CLUSTERING,MEDIUM,70,58,12,300000,Morning Peak Arrival Surge,6,MITIGATED
RSK-MOM-00292,mombasa,2026-09-07 23:00:00,PRODUCT_READINESS,MEDIUM,86,72,14,408310,Tank Recertification Hold,7,MITIGATED
RSK-NAI-00293,nairobi,2026-09-08 10:00:00,PRODUCT_READINESS,HIGH,94,65,29,966640,Tank Recertification Hold,8,MITIGATED
RSK-MOM-00294,mombasa,2026-09-08 22:00:00,CAPACITY_PRESSURE,CRITICAL,104,72,32,933310,Loading Position Offline for Maintenance,7,MITIGATED
RSK-ELD-00295,eldoret,2026-09-09 06:00:00,CAPACITY_PRESSURE,MEDIUM,63,50,13,216640,Loading Position Offline for Maintenance,4,MONITORING
RSK-NAI-00296,nairobi,2026-09-09 12:00:00,CAPACITY_PRESSURE,HIGH,77,65,12,100000,Loading Position Offline for Maintenance,2,MITIGATED
RSK-NAI-00297,nairobi,2026-09-09 14:00:00,PRODUCT_READINESS,MEDIUM,78,65,13,324960,Tank Recertification Hold,6,MITIGATED
RSK-MOM-00298,mombasa,2026-09-09 21:00:00,EQUIPMENT_CONSTRAINT,MEDIUM,90,72,18,525000,Flow Meter Temperature Sensor Drift,7,MONITORING
RSK-NAI-00299,nairobi,2026-09-10 05:00:00,EQUIPMENT_CONSTRAINT,LOW,79,65,14,349980,Flow Meter Temperature Sensor Drift,6,MITIGATED
RSK-NAI-00300,nairobi,2026-09-10 16:00:00,TURNAROUND_RISK,MEDIUM,83,65,18,150000,Gantry Queue Congestion + Slow Metering,2,MITIGATED
RSK-MOM-00301,mombasa,2026-09-10 18:00:00,EQUIPMENT_CONSTRAINT,LOW,86,72,14,174990,Flow Meter Temperature Sensor Drift,3,MITIGATED
RSK-MOM-00302,mombasa,2026-09-10 21:00:00,CAPACITY_PRESSURE,LOW,84,72,12,350000,Loading Position Offline for Maintenance,7,MITIGATED
RSK-NAI-00303,nairobi,2026-09-11 02:00:00,TURNAROUND_RISK,LOW,71,65,6,200000,Gantry Queue Congestion + Slow Metering,8,MITIGATED
RSK-ELD-00304,eldoret,2026-09-11 10:00:00,PRODUCT_READINESS,MEDIUM,70,50,20,333320,Tank Recertification Hold,4,MITIGATED
RSK-MOM-00305,mombasa,2026-09-12 04:00:00,EQUIPMENT_CONSTRAINT,LOW,92,72,20,666640,Flow Meter Temperature Sensor Drift,8,MITIGATED
RSK-NAK-00306,nakuru,2026-09-12 08:00:00,ARRIVAL_CLUSTERING,HIGH,98,58,40,1333280,Morning Peak Arrival Surge,8,MITIGATED
RSK-NAI-00307,nairobi,2026-09-12 17:00:00,EQUIPMENT_CONSTRAINT,CRITICAL,108,65,43,1074960,Flow Meter Temperature Sensor Drift,6,MITIGATED
RSK-NAI-00308,nairobi,2026-09-13 09:00:00,EQUIPMENT_CONSTRAINT,MEDIUM,84,65,19,316640,Flow Meter Temperature Sensor Drift,4,MITIGATED
RSK-NAK-00309,nakuru,2026-09-13 15:00:00,QUEUE_PRESSURE,HIGH,88,58,30,500000,Clustered Transporter Arrivals,4,MITIGATED
RSK-ELD-00310,eldoret,2026-09-14 01:00:00,TURNAROUND_RISK,LOW,56,50,6,50000,Gantry Queue Congestion + Slow Metering,2,MITIGATED
RSK-MOM-00311,mombasa,2026-09-14 05:00:00,EQUIPMENT_CONSTRAINT,LOW,85,72,13,216640,Flow Meter Temperature Sensor Drift,4,MITIGATED
RSK-NAI-00312,nairobi,2026-09-14 14:00:00,TURNAROUND_RISK,MEDIUM,76,65,11,183320,Gantry Queue Congestion + Slow Metering,4,MITIGATED
RSK-KIS-00313,kisumu,2026-09-15 03:00:00,CAPACITY_PRESSURE,MEDIUM,55,45,10,208300,Loading Position Offline for Maintenance,5,MITIGATED
RSK-NAI-00314,nairobi,2026-09-15 08:00:00,EQUIPMENT_CONSTRAINT,MEDIUM,79,65,14,349980,Flow Meter Temperature Sensor Drift,6,MITIGATED
RSK-NAI-00315,nairobi,2026-09-15 15:00:00,CAPACITY_PRESSURE,HIGH,78,65,13,108320,Loading Position Offline for Maintenance,2,MITIGATED
RSK-MOM-00316,mombasa,2026-09-15 19:00:00,QUEUE_PRESSURE,HIGH,106,72,34,283320,Clustered Transporter Arrivals,2,MITIGATED
