decision_id,risk_event_id,depot_id,decision_timestamp,headline,autonomy_level,decision_status,selected_candidate_id,policy_rule_id,target_orders_count
DEC-0142,RSK-NBO-20260915-01,nairobi,2026-09-15 10:02:45,Dual-Arm Fast-Track & Re-sequencing for Peak Demand Relief,L2_AUTO_EXECUTABLE,EXECUTED,OPT-03,POL-042,6
DEC-00002,RSK-ELD-00002,eldoret,2026-06-11 15:00:25,Product Readiness Mitigation at PS27,L3_APPROVAL_REQUIRED,APPROVED,OPT-03,POL-018,8
DEC-00003,RSK-ELD-00003,eldoret,2026-06-12 10:00:44,Turnaround Risk Mitigation at PS27,L2_AUTO_EXECUTABLE,EXECUTED,OPT-03,POL-042,4
DEC-00004,RSK-NAK-00005,nakuru,2026-06-13 19:00:40,Queue Pressure Mitigation at PS25,L2_AUTO_EXECUTABLE,EXECUTED,OPT-03,POL-042,8
DEC-00005,RSK-MOM-00007,mombasa,2026-06-14 13:00:22,Arrival Clustering Mitigation at KOT-PS1,L2_AUTO_EXECUTABLE,EXECUTED,OPT-03,POL-042,8
DEC-00006,RSK-NAI-00008,nairobi,2026-06-14 21:00:44,Equipment Constraint Mitigation at PS10,L1_ADVISORY,BLOCKED_BY_POLICY,OPT-03,POL-018,2
DEC-00007,RSK-ELD-00009,eldoret,2026-06-15 06:00:17,Capacity Pressure Mitigation at PS27,L2_AUTO_EXECUTABLE,EXECUTED,OPT-03,POL-042,7
DEC-00008,RSK-MOM-00010,mombasa,2026-06-15 10:00:18,Capacity Pressure Mitigation at KOT-PS1,L2_AUTO_EXECUTABLE,EXECUTED,OPT-03,POL-042,8
DEC-00009,RSK-NAI-00011,nairobi,2026-06-15 16:00:39,Product Readiness Mitigation at PS10,L2_AUTO_EXECUTABLE,EXECUTED,OPT-03,POL-042,8
DEC-00010,RSK-MOM-00012,mombasa,2026-06-16 07:00:41,Arrival Clustering Mitigation at KOT-PS1,L1_ADVISORY,ADVISORY_POSTED,OPT-03,POL-018,2
DEC-00011,RSK-NAI-00013,nairobi,2026-06-16 12:00:26,Turnaround Risk Mitigation at PS10,L2_AUTO_EXECUTABLE,EXECUTED,OPT-03,POL-042,8
DEC-00012,RSK-NAI-00014,nairobi,2026-06-16 20:00:17,Arrival Clustering Mitigation at PS10,L3_APPROVAL_REQUIRED,APPROVED,OPT-03,POL-018,2
DEC-00013,RSK-MOM-00015,mombasa,2026-06-17 14:00:24,Turnaround Risk Mitigation at KOT-PS1,L1_ADVISORY,ADVISORY_POSTED,OPT-03,POL-018,7
DEC-00014,RSK-ELD-00016,eldoret,2026-06-18 00:00:36,Capacity Pressure Mitigation at PS27,L2_AUTO_EXECUTABLE,EXECUTED,OPT-03,POL-042,6
DEC-00015,RSK-MOM-00017,mombasa,2026-06-18 12:00:37,Turnaround Risk Mitigation at KOT-PS1,L2_AUTO_EXECUTABLE,EXECUTED,OPT-03,POL-042,7
DEC-00016,RSK-KIS-00018,kisumu,2026-06-19 00:00:22,Turnaround Risk Mitigation at PS28,L2_AUTO_EXECUTABLE,EXECUTED,OPT-03,POL-042,4
DEC-00017,RSK-NAI-00019,nairobi,2026-06-19 11:00:43,Capacity Pressure Mitigation at PS10,L1_ADVISORY,BLOCKED_BY_POLICY,OPT-03,POL-018,6
DEC-00018,RSK-NAK-00020,nakuru,2026-06-20 00:00:36,Product Readiness Mitigation at PS25,L1_ADVISORY,ADVISORY_POSTED,OPT-03,POL-018,5
DEC-00019,RSK-NAI-00022,nairobi,2026-06-20 08:00:17,Product Readiness Mitigation at PS10,L3_APPROVAL_REQUIRED,APPROVED,OPT-03,POL-018,5
DEC-00020,RSK-NAI-00025,nairobi,2026-06-21 05:00:21,Equipment Constraint Mitigation at PS10,L2_AUTO_EXECUTABLE,EXECUTED,OPT-03,POL-042,2
DEC-00021,RSK-NAI-00026,nairobi,2026-06-21 10:00:17,Equipment Constraint Mitigation at PS10,L2_AUTO_EXECUTABLE,EXECUTED,OPT-03,POL-042,7
DEC-00022,RSK-NAK-00028,nakuru,2026-06-22 03:00:38,Capacity Pressure Mitigation at PS25,L2_AUTO_EXECUTABLE,EXECUTED,OPT-03,POL-042,8
DEC-00023,RSK-NAI-00029,nairobi,2026-06-22 05:00:38,Equipment Constraint Mitigation at PS10,L1_ADVISORY,ADVISORY_POSTED,OPT-03,POL-018,2
DEC-00024,RSK-ELD-00031,eldoret,2026-06-22 11:00:31,Queue Pressure Mitigation at PS27,L2_AUTO_EXECUTABLE,EXECUTED,OPT-03,POL-042,7
DEC-00025,RSK-MOM-00032,mombasa,2026-06-22 16:00:24,Capacity Pressure Mitigation at KOT-PS1,L1_ADVISORY,BLOCKED_BY_POLICY,OPT-03,POL-018,7
DEC-00026,RSK-NAI-00033,nairobi,2026-06-22 18:00:29,Equipment Constraint Mitigation at PS10,L2_AUTO_EXECUTABLE,EXECUTED,OPT-03,POL-042,8
DEC-00027,RSK-NAK-00035,nakuru,2026-06-24 02:00:18,Product Readiness Mitigation at PS25,L3_APPROVAL_REQUIRED,APPROVED,OPT-03,POL-018,2
DEC-00028,RSK-NAI-00036,nairobi,2026-06-24 04:00:31,Arrival Clustering Mitigation at PS10,L2_AUTO_EXECUTABLE,EXECUTED,OPT-03,POL-042,3
DEC-00029,RSK-NAI-00037,nairobi,2026-06-24 08:00:31,Capacity Pressure Mitigation at PS10,L1_ADVISORY,ADVISORY_POSTED,OPT-03,POL-018,8
DEC-00030,RSK-ELD-00038,eldoret,2026-06-24 10:00:23,Queue Pressure Mitigation at PS27,L2_AUTO_EXECUTABLE,EXECUTED,OPT-03,POL-042,7
DEC-00031,RSK-MOM-00039,mombasa,2026-06-25 02:00:19,Arrival Clustering Mitigation at KOT-PS1,L2_AUTO_EXECUTABLE,EXECUTED,OPT-03,POL-042,5
DEC-00032,RSK-MOM-00042,mombasa,2026-06-25 15:00:23,Product Readiness Mitigation at KOT-PS1,L1_ADVISORY,ADVISORY_POSTED,OPT-03,POL-018,8
DEC-00033,RSK-NAK-00043,nakuru,2026-06-26 12:00:43,Equipment Constraint Mitigation at PS25,L2_AUTO_EXECUTABLE,EXECUTED,OPT-03,POL-042,2
DEC-00034,RSK-ELD-00044,eldoret,2026-06-26 16:00:21,Equipment Constraint Mitigation at PS27,L2_AUTO_EXECUTABLE,EXECUTED,OPT-03,POL-042,2
DEC-00035,RSK-MOM-00045,mombasa,2026-06-26 19:00:15,Turnaround Risk Mitigation at KOT-PS1,L1_ADVISORY,ADVISORY_POSTED,OPT-03,POL-018,7
DEC-00036,RSK-NAI-00046,nairobi,2026-06-27 00:00:30,Product Readiness Mitigation at PS10,L2_AUTO_EXECUTABLE,EXECUTED,OPT-03,POL-042,8
DEC-00037,RSK-ELD-00047,eldoret,2026-06-27 14:00:22,Capacity Pressure Mitigation at PS27,L2_AUTO_EXECUTABLE,EXECUTED,OPT-03,POL-042,5
DEC-00038,RSK-NAI-00048,nairobi,2026-06-27 20:00:25,Turnaround Risk Mitigation at PS10,L2_AUTO_EXECUTABLE,EXECUTED,OPT-03,POL-042,8
DEC-00039,RSK-NAI-00049,nairobi,2026-06-27 22:00:23,Product Readiness Mitigation at PS10,L2_AUTO_EXECUTABLE,EXECUTED,OPT-03,POL-042,4
DEC-00040,RSK-MOM-00050,mombasa,2026-06-28 10:00:26,Equipment Constraint Mitigation at KOT-PS1,L2_AUTO_EXECUTABLE,EXECUTED,OPT-03,POL-042,5
DEC-00041,RSK-NAI-00051,nairobi,2026-06-28 14:00:27,Turnaround Risk Mitigation at PS10,L2_AUTO_EXECUTABLE,EXECUTED,OPT-03,POL-042,4
DEC-00042,RSK-ELD-00052,eldoret,2026-06-29 16:00:33,Product Readiness Mitigation at PS27,L1_ADVISORY,ADVISORY_POSTED,OPT-03,POL-018,7
DEC-00043,RSK-NAI-00053,nairobi,2026-06-29 18:00:45,Turnaround Risk Mitigation at PS10,L1_ADVISORY,ADVISORY_POSTED,OPT-03,POL-018,7
DEC-00044,RSK-NAK-00054,nakuru,2026-06-30 05:00:19,Queue Pressure Mitigation at PS25,L1_ADVISORY,ADVISORY_POSTED,OPT-03,POL-018,6
DEC-00045,RSK-NAK-00055,nakuru,2026-06-30 07:00:17,Equipment Constraint Mitigation at PS25,L2_AUTO_EXECUTABLE,EXECUTED,OPT-03,POL-042,5
DEC-00046,RSK-KIS-00058,kisumu,2026-06-30 18:00:31,Arrival Clustering Mitigation at PS28,L2_AUTO_EXECUTABLE,EXECUTED,OPT-03,POL-042,6
DEC-00047,RSK-NAI-00060,nairobi,2026-07-01 10:00:41,Product Readiness Mitigation at PS10,L2_AUTO_EXECUTABLE,EXECUTED,OPT-03,POL-042,4
DEC-00048,RSK-ELD-00061,eldoret,2026-07-01 15:00:28,Turnaround Risk Mitigation at PS27,L1_ADVISORY,ADVISORY_POSTED,OPT-03,POL-018,5
DEC-00049,RSK-NAI-00062,nairobi,2026-07-02 02:00:42,Equipment Constraint Mitigation at PS10,L1_ADVISORY,ADVISORY_POSTED,OPT-03,POL-018,6
DEC-00050,RSK-NAK-00063,nakuru,2026-07-02 07:00:35,Product Readiness Mitigation at PS25,L2_AUTO_EXECUTABLE,EXECUTED,OPT-03,POL-042,4
DEC-00051,RSK-KIS-00064,kisumu,2026-07-02 10:00:29,Equipment Constraint Mitigation at PS28,L1_ADVISORY,ADVISORY_POSTED,OPT-03,POL-018,8
DEC-00052,RSK-MOM-00065,mombasa,2026-07-02 14:00:15,Capacity Pressure Mitigation at KOT-PS1,L1_ADVISORY,BLOCKED_BY_POLICY,OPT-03,POL-018,6
DEC-00053,RSK-NAK-00066,nakuru,2026-07-02 19:00:40,Turnaround Risk Mitigation at PS25,L2_AUTO_EXECUTABLE,EXECUTED,OPT-03,POL-042,2
DEC-00054,RSK-NAI-00067,nairobi,2026-07-03 01:00:40,Equipment Constraint Mitigation at PS10,L2_AUTO_EXECUTABLE,EXECUTED,OPT-03,POL-042,3
DEC-00055,RSK-NAI-00068,nairobi,2026-07-03 06:00:33,Equipment Constraint Mitigation at PS10,L2_AUTO_EXECUTABLE,EXECUTED,OPT-03,POL-042,5
DEC-00056,RSK-NAI-00069,nairobi,2026-07-03 14:00:43,Turnaround Risk Mitigation at PS10,L2_AUTO_EXECUTABLE,EXECUTED,OPT-03,POL-042,4
DEC-00057,RSK-NAI-00070,nairobi,2026-07-03 16:00:34,Arrival Clustering Mitigation at PS10,L1_ADVISORY,ADVISORY_POSTED,OPT-03,POL-018,2
DEC-00058,RSK-NAI-00071,nairobi,2026-07-03 23:00:24,Turnaround Risk Mitigation at PS10,L1_ADVISORY,ADVISORY_POSTED,OPT-03,POL-018,6
DEC-00059,RSK-NAI-00072,nairobi,2026-07-04 03:00:21,Capacity Pressure Mitigation at PS10,L2_AUTO_EXECUTABLE,EXECUTED,OPT-03,POL-042,5
DEC-00060,RSK-KIS-00073,kisumu,2026-07-04 05:00:27,Arrival Clustering Mitigation at PS28,L1_ADVISORY,BLOCKED_BY_POLICY,OPT-03,POL-018,3
DEC-00061,RSK-NAK-00074,nakuru,2026-07-04 10:00:41,Turnaround Risk Mitigation at PS25,L2_AUTO_EXECUTABLE,EXECUTED,OPT-03,POL-042,3
DEC-00062,RSK-ELD-00075,eldoret,2026-07-04 14:00:22,Equipment Constraint Mitigation at PS27,L2_AUTO_EXECUTABLE,EXECUTED,OPT-03,POL-042,6
DEC-00063,RSK-NAI-00076,nairobi,2026-07-04 18:00:24,Arrival Clustering Mitigation at PS10,L1_ADVISORY,BLOCKED_BY_POLICY,OPT-03,POL-018,5
DEC-00064,RSK-MOM-00077,mombasa,2026-07-04 21:00:36,Queue Pressure Mitigation at KOT-PS1,L2_AUTO_EXECUTABLE,EXECUTED,OPT-03,POL-042,4
DEC-00065,RSK-NAI-00078,nairobi,2026-07-05 03:00:42,Turnaround Risk Mitigation at PS10,L1_ADVISORY,ADVISORY_POSTED,OPT-03,POL-018,3
DEC-00066,RSK-MOM-00079,mombasa,2026-07-05 10:00:34,Turnaround Risk Mitigation at KOT-PS1,L1_ADVISORY,ADVISORY_POSTED,OPT-03,POL-018,8
DEC-00067,RSK-MOM-00080,mombasa,2026-07-05 18:00:30,Equipment Constraint Mitigation at KOT-PS1,L2_AUTO_EXECUTABLE,EXECUTED,OPT-03,POL-042,4
DEC-00068,RSK-NAK-00081,nakuru,2026-07-05 23:00:39,Arrival Clustering Mitigation at PS25,L2_AUTO_EXECUTABLE,EXECUTED,OPT-03,POL-042,4
DEC-00069,RSK-NAK-00082,nakuru,2026-07-06 02:00:33,Turnaround Risk Mitigation at PS25,L2_AUTO_EXECUTABLE,EXECUTED,OPT-03,POL-042,8
DEC-00070,RSK-NAK-00083,nakuru,2026-07-06 11:00:40,Turnaround Risk Mitigation at PS25,L2_AUTO_EXECUTABLE,EXECUTED,OPT-03,POL-042,5
DEC-00071,RSK-NAK-00084,nakuru,2026-07-07 02:00:39,Arrival Clustering Mitigation at PS25,L2_AUTO_EXECUTABLE,EXECUTED,OPT-03,POL-042,8
DEC-00072,RSK-ELD-00085,eldoret,2026-07-07 04:00:16,Turnaround Risk Mitigation at PS27,L2_AUTO_EXECUTABLE,EXECUTED,OPT-03,POL-042,5
DEC-00073,RSK-MOM-00086,mombasa,2026-07-07 08:00:20,Equipment Constraint Mitigation at KOT-PS1,L1_ADVISORY,ADVISORY_POSTED,OPT-03,POL-018,4
DEC-00074,RSK-MOM-00087,mombasa,2026-07-08 12:00:26,Turnaround Risk Mitigation at KOT-PS1,L2_AUTO_EXECUTABLE,EXECUTED,OPT-03,POL-042,6
DEC-00075,RSK-MOM-00088,mombasa,2026-07-09 01:00:41,Queue Pressure Mitigation at KOT-PS1,L2_AUTO_EXECUTABLE,EXECUTED,OPT-03,POL-042,4
DEC-00076,RSK-NAI-00089,nairobi,2026-07-09 11:00:31,Product Readiness Mitigation at PS10,L1_ADVISORY,BLOCKED_BY_POLICY,OPT-03,POL-018,3
DEC-00077,RSK-KIS-00090,kisumu,2026-07-09 19:00:15,Turnaround Risk Mitigation at PS28,L2_AUTO_EXECUTABLE,EXECUTED,OPT-03,POL-042,6
DEC-00078,RSK-KIS-00091,kisumu,2026-07-10 01:00:28,Queue Pressure Mitigation at PS28,L2_AUTO_EXECUTABLE,EXECUTED,OPT-03,POL-042,5
DEC-00079,RSK-KIS-00092,kisumu,2026-07-10 04:00:42,Turnaround Risk Mitigation at PS28,L2_AUTO_EXECUTABLE,EXECUTED,OPT-03,POL-042,4
DEC-00080,RSK-MOM-00093,mombasa,2026-07-10 19:00:39,Capacity Pressure Mitigation at KOT-PS1,L1_ADVISORY,BLOCKED_BY_POLICY,OPT-03,POL-018,2
DEC-00081,RSK-NAI-00094,nairobi,2026-07-10 21:00:30,Arrival Clustering Mitigation at PS10,L3_APPROVAL_REQUIRED,APPROVED,OPT-03,POL-018,6
DEC-00082,RSK-NAI-00096,nairobi,2026-07-11 03:00:38,Arrival Clustering Mitigation at PS10,L1_ADVISORY,ADVISORY_POSTED,OPT-03,POL-018,7
DEC-00083,RSK-ELD-00097,eldoret,2026-07-11 09:00:42,Arrival Clustering Mitigation at PS27,L2_AUTO_EXECUTABLE,EXECUTED,OPT-03,POL-042,3
DEC-00084,RSK-NAI-00098,nairobi,2026-07-11 11:00:44,Capacity Pressure Mitigation at PS10,L2_AUTO_EXECUTABLE,EXECUTED,OPT-03,POL-042,5
DEC-00085,RSK-MOM-00099,mombasa,2026-07-11 21:00:29,Turnaround Risk Mitigation at KOT-PS1,L2_AUTO_EXECUTABLE,EXECUTED,OPT-03,POL-042,6
DEC-00086,RSK-NAK-00100,nakuru,2026-07-12 01:00:19,Equipment Constraint Mitigation at PS25,L2_AUTO_EXECUTABLE,EXECUTED,OPT-03,POL-042,2
DEC-00087,RSK-NAI-00101,nairobi,2026-07-12 05:00:21,Queue Pressure Mitigation at PS10,L1_ADVISORY,ADVISORY_POSTED,OPT-03,POL-018,3
DEC-00088,RSK-ELD-00102,eldoret,2026-07-12 09:00:22,Arrival Clustering Mitigation at PS27,L2_AUTO_EXECUTABLE,EXECUTED,OPT-03,POL-042,7
DEC-00089,RSK-MOM-00103,mombasa,2026-07-12 18:00:31,Equipment Constraint Mitigation at KOT-PS1,L1_ADVISORY,ADVISORY_POSTED,OPT-03,POL-018,2
DEC-00090,RSK-MOM-00104,mombasa,2026-07-12 21:00:42,Equipment Constraint Mitigation at KOT-PS1,L2_AUTO_EXECUTABLE,EXECUTED,OPT-03,POL-042,5
DEC-00091,RSK-ELD-00105,eldoret,2026-07-13 09:00:19,Arrival Clustering Mitigation at PS27,L2_AUTO_EXECUTABLE,EXECUTED,OPT-03,POL-042,4
DEC-00092,RSK-NAI-00106,nairobi,2026-07-13 15:00:24,Product Readiness Mitigation at PS10,L1_ADVISORY,ADVISORY_POSTED,OPT-03,POL-018,3
DEC-00093,RSK-NAI-00109,nairobi,2026-07-14 08:00:39,Product Readiness Mitigation at PS10,L1_ADVISORY,BLOCKED_BY_POLICY,OPT-03,POL-018,7
DEC-00094,RSK-MOM-00110,mombasa,2026-07-15 12:00:31,Equipment Constraint Mitigation at KOT-PS1,L2_AUTO_EXECUTABLE,EXECUTED,OPT-03,POL-042,3
DEC-00095,RSK-ELD-00112,eldoret,2026-07-15 19:00:36,Queue Pressure Mitigation at PS27,L2_AUTO_EXECUTABLE,EXECUTED,OPT-03,POL-042,3
DEC-00096,RSK-NAI-00113,nairobi,2026-07-16 20:00:26,Product Readiness Mitigation at PS10,L1_ADVISORY,ADVISORY_POSTED,OPT-03,POL-018,3
DEC-00097,RSK-NAK-00114,nakuru,2026-07-17 00:00:35,Turnaround Risk Mitigation at PS25,L2_AUTO_EXECUTABLE,EXECUTED,OPT-03,POL-042,4
DEC-00098,RSK-ELD-00116,eldoret,2026-07-17 08:00:24,Equipment Constraint Mitigation at PS27,L2_AUTO_EXECUTABLE,EXECUTED,OPT-03,POL-042,7
DEC-00099,RSK-MOM-00118,mombasa,2026-07-17 22:00:33,Arrival Clustering Mitigation at KOT-PS1,L1_ADVISORY,ADVISORY_POSTED,OPT-03,POL-018,5
DEC-00100,RSK-MOM-00119,mombasa,2026-07-18 01:00:37,Queue Pressure Mitigation at KOT-PS1,L3_APPROVAL_REQUIRED,APPROVED,OPT-03,POL-018,4
DEC-00101,RSK-MOM-00121,mombasa,2026-07-18 17:00:27,Product Readiness Mitigation at KOT-PS1,L1_ADVISORY,ADVISORY_POSTED,OPT-03,POL-018,8
DEC-00102,RSK-MOM-00122,mombasa,2026-07-19 03:00:25,Capacity Pressure Mitigation at KOT-PS1,L2_AUTO_EXECUTABLE,EXECUTED,OPT-03,POL-042,6
DEC-00103,RSK-NAI-00123,nairobi,2026-07-19 06:00:20,Queue Pressure Mitigation at PS10,L3_APPROVAL_REQUIRED,APPROVED,OPT-03,POL-018,4
DEC-00104,RSK-NAI-00124,nairobi,2026-07-19 12:00:32,Product Readiness Mitigation at PS10,L2_AUTO_EXECUTABLE,EXECUTED,OPT-03,POL-042,4
DEC-00105,RSK-MOM-00126,mombasa,2026-07-19 21:00:15,Capacity Pressure Mitigation at KOT-PS1,L2_AUTO_EXECUTABLE,EXECUTED,OPT-03,POL-042,3
DEC-00106,RSK-KIS-00128,kisumu,2026-07-20 19:00:30,Capacity Pressure Mitigation at PS28,L2_AUTO_EXECUTABLE,EXECUTED,OPT-03,POL-042,6
DEC-00107,RSK-KIS-00129,kisumu,2026-07-20 22:00:21,Queue Pressure Mitigation at PS28,L3_APPROVAL_REQUIRED,APPROVED,OPT-03,POL-018,2
DEC-00108,RSK-NAI-00130,nairobi,2026-07-21 02:00:44,Equipment Constraint Mitigation at PS10,L2_AUTO_EXECUTABLE,EXECUTED,OPT-03,POL-042,3
DEC-00109,RSK-KIS-00131,kisumu,2026-07-21 15:00:31,Product Readiness Mitigation at PS28,L2_AUTO_EXECUTABLE,EXECUTED,OPT-03,POL-042,7
DEC-00110,RSK-MOM-00132,mombasa,2026-07-21 19:00:18,Product Readiness Mitigation at KOT-PS1,L1_ADVISORY,ADVISORY_POSTED,OPT-03,POL-018,2
DEC-00111,RSK-NAI-00134,nairobi,2026-07-22 01:00:32,Product Readiness Mitigation at PS10,L2_AUTO_EXECUTABLE,EXECUTED,OPT-03,POL-042,6
DEC-00112,RSK-MOM-00135,mombasa,2026-07-22 14:00:35,Capacity Pressure Mitigation at KOT-PS1,L1_ADVISORY,BLOCKED_BY_POLICY,OPT-03,POL-018,5
DEC-00113,RSK-KIS-00136,kisumu,2026-07-22 23:00:22,Arrival Clustering Mitigation at PS28,L2_AUTO_EXECUTABLE,EXECUTED,OPT-03,POL-042,3
DEC-00114,RSK-NAI-00137,nairobi,2026-07-24 02:00:17,Capacity Pressure Mitigation at PS10,L1_ADVISORY,ADVISORY_POSTED,OPT-03,POL-018,5
DEC-00115,RSK-NAK-00138,nakuru,2026-07-24 08:00:34,Arrival Clustering Mitigation at PS25,L2_AUTO_EXECUTABLE,EXECUTED,OPT-03,POL-042,3
DEC-00116,RSK-NAI-00139,nairobi,2026-07-24 11:00:40,Queue Pressure Mitigation at PS10,L1_ADVISORY,ADVISORY_POSTED,OPT-03,POL-018,7
DEC-00117,RSK-NAK-00140,nakuru,2026-07-24 15:00:40,Arrival Clustering Mitigation at PS25,L1_ADVISORY,ADVISORY_POSTED,OPT-03,POL-018,8
DEC-00118,RSK-KIS-00141,kisumu,2026-07-25 16:00:36,Product Readiness Mitigation at PS28,L2_AUTO_EXECUTABLE,EXECUTED,OPT-03,POL-042,4
DEC-00119,RSK-NAI-00145,nairobi,2026-07-26 10:00:37,Product Readiness Mitigation at PS10,L1_ADVISORY,ADVISORY_POSTED,OPT-03,POL-018,7
DEC-00120,RSK-ELD-00146,eldoret,2026-07-27 22:00:37,Queue Pressure Mitigation at PS27,L2_AUTO_EXECUTABLE,EXECUTED,OPT-03,POL-042,3
DEC-00121,RSK-MOM-00147,mombasa,2026-07-28 00:00:38,Product Readiness Mitigation at KOT-PS1,L2_AUTO_EXECUTABLE,EXECUTED,OPT-03,POL-042,2
DEC-00122,RSK-MOM-00149,mombasa,2026-07-28 11:00:40,Turnaround Risk Mitigation at KOT-PS1,L1_ADVISORY,ADVISORY_POSTED,OPT-03,POL-018,5
DEC-00123,RSK-MOM-00150,mombasa,2026-07-28 16:00:38,Product Readiness Mitigation at KOT-PS1,L2_AUTO_EXECUTABLE,EXECUTED,OPT-03,POL-042,4
DEC-00124,RSK-NAI-00151,nairobi,2026-07-28 18:00:43,Product Readiness Mitigation at PS10,L1_ADVISORY,ADVISORY_POSTED,OPT-03,POL-018,3
DEC-00125,RSK-ELD-00153,eldoret,2026-07-29 04:00:25,Arrival Clustering Mitigation at PS27,L2_AUTO_EXECUTABLE,EXECUTED,OPT-03,POL-042,6
DEC-00126,RSK-MOM-00154,mombasa,2026-07-29 06:00:42,Product Readiness Mitigation at KOT-PS1,L3_APPROVAL_REQUIRED,APPROVED,OPT-03,POL-018,5
DEC-00127,RSK-MOM-00155,mombasa,2026-07-29 11:00:41,Product Readiness Mitigation at KOT-PS1,L3_APPROVAL_REQUIRED,APPROVED,OPT-03,POL-018,5
DEC-00128,RSK-NAI-00156,nairobi,2026-07-30 18:00:42,Capacity Pressure Mitigation at PS10,L2_AUTO_EXECUTABLE,EXECUTED,OPT-03,POL-042,3
DEC-00129,RSK-ELD-00157,eldoret,2026-07-31 09:00:37,Capacity Pressure Mitigation at PS27,L2_AUTO_EXECUTABLE,EXECUTED,OPT-03,POL-042,4
DEC-00130,RSK-NAK-00158,nakuru,2026-07-31 12:00:17,Equipment Constraint Mitigation at PS25,L2_AUTO_EXECUTABLE,EXECUTED,OPT-03,POL-042,6
DEC-00131,RSK-MOM-00159,mombasa,2026-08-01 02:00:38,Arrival Clustering Mitigation at KOT-PS1,L3_APPROVAL_REQUIRED,APPROVED,OPT-03,POL-018,8
DEC-00132,RSK-NAI-00160,nairobi,2026-08-01 09:00:18,Turnaround Risk Mitigation at PS10,L2_AUTO_EXECUTABLE,EXECUTED,OPT-03,POL-042,6
DEC-00133,RSK-MOM-00161,mombasa,2026-08-01 15:00:22,Capacity Pressure Mitigation at KOT-PS1,L1_ADVISORY,ADVISORY_POSTED,OPT-03,POL-018,6
DEC-00134,RSK-ELD-00163,eldoret,2026-08-02 03:00:18,Turnaround Risk Mitigation at PS27,L2_AUTO_EXECUTABLE,EXECUTED,OPT-03,POL-042,8
DEC-00135,RSK-NAK-00164,nakuru,2026-08-02 11:00:41,Capacity Pressure Mitigation at PS25,L2_AUTO_EXECUTABLE,EXECUTED,OPT-03,POL-042,7
DEC-00136,RSK-NAI-00165,nairobi,2026-08-02 23:00:31,Equipment Constraint Mitigation at PS10,L2_AUTO_EXECUTABLE,EXECUTED,OPT-03,POL-042,6
DEC-00137,RSK-NAI-00166,nairobi,2026-08-03 06:00:28,Queue Pressure Mitigation at PS10,L2_AUTO_EXECUTABLE,EXECUTED,OPT-03,POL-042,2
DEC-00138,RSK-ELD-00167,eldoret,2026-08-03 12:00:30,Equipment Constraint Mitigation at PS27,L1_ADVISORY,ADVISORY_POSTED,OPT-03,POL-018,2
DEC-00139,RSK-MOM-00168,mombasa,2026-08-04 03:00:31,Product Readiness Mitigation at KOT-PS1,L2_AUTO_EXECUTABLE,EXECUTED,OPT-03,POL-042,6
DEC-00140,RSK-KIS-00170,kisumu,2026-08-04 14:00:29,Arrival Clustering Mitigation at PS28,L2_AUTO_EXECUTABLE,EXECUTED,OPT-03,POL-042,4
DEC-00141,RSK-ELD-00173,eldoret,2026-08-05 07:00:16,Queue Pressure Mitigation at PS27,L2_AUTO_EXECUTABLE,EXECUTED,OPT-03,POL-042,3
DEC-00142,RSK-NAI-00175,nairobi,2026-08-05 15:00:45,Equipment Constraint Mitigation at PS10,L2_AUTO_EXECUTABLE,EXECUTED,OPT-03,POL-042,3
DEC-00143,RSK-KIS-00176,kisumu,2026-08-05 19:00:28,Capacity Pressure Mitigation at PS28,L2_AUTO_EXECUTABLE,EXECUTED,OPT-03,POL-042,6
DEC-00144,RSK-ELD-00177,eldoret,2026-08-06 00:00:34,Product Readiness Mitigation at PS27,L2_AUTO_EXECUTABLE,EXECUTED,OPT-03,POL-042,6
DEC-00145,RSK-MOM-00178,mombasa,2026-08-06 02:00:26,Queue Pressure Mitigation at KOT-PS1,L1_ADVISORY,ADVISORY_POSTED,OPT-03,POL-018,4
DEC-00146,RSK-MOM-00179,mombasa,2026-08-06 07:00:18,Product Readiness Mitigation at KOT-PS1,L2_AUTO_EXECUTABLE,EXECUTED,OPT-03,POL-042,8
DEC-00147,RSK-ELD-00180,eldoret,2026-08-06 13:00:30,Arrival Clustering Mitigation at PS27,L3_APPROVAL_REQUIRED,APPROVED,OPT-03,POL-018,8
DEC-00148,RSK-NAI-00181,nairobi,2026-08-06 19:00:31,Equipment Constraint Mitigation at PS10,L2_AUTO_EXECUTABLE,EXECUTED,OPT-03,POL-042,7
DEC-00149,RSK-MOM-00182,mombasa,2026-08-06 22:00:38,Queue Pressure Mitigation at KOT-PS1,L2_AUTO_EXECUTABLE,EXECUTED,OPT-03,POL-042,5
DEC-00150,RSK-ELD-00184,eldoret,2026-08-07 12:00:33,Equipment Constraint Mitigation at PS27,L1_ADVISORY,ADVISORY_POSTED,OPT-03,POL-018,6
DEC-00151,RSK-NAK-00185,nakuru,2026-08-07 16:00:44,Equipment Constraint Mitigation at PS25,L2_AUTO_EXECUTABLE,EXECUTED,OPT-03,POL-042,3
DEC-00152,RSK-MOM-00186,mombasa,2026-08-08 00:00:28,Product Readiness Mitigation at KOT-PS1,L1_ADVISORY,ADVISORY_POSTED,OPT-03,POL-018,5
DEC-00153,RSK-NAI-00187,nairobi,2026-08-08 09:00:22,Equipment Constraint Mitigation at PS10,L2_AUTO_EXECUTABLE,EXECUTED,OPT-03,POL-042,2
DEC-00154,RSK-NAK-00188,nakuru,2026-08-08 17:00:41,Equipment Constraint Mitigation at PS25,L1_ADVISORY,ADVISORY_POSTED,OPT-03,POL-018,7
DEC-00155,RSK-NAK-00189,nakuru,2026-08-09 20:00:22,Queue Pressure Mitigation at PS25,L2_AUTO_EXECUTABLE,EXECUTED,OPT-03,POL-042,4
DEC-00156,RSK-NAI-00190,nairobi,2026-08-09 22:00:37,Turnaround Risk Mitigation at PS10,L2_AUTO_EXECUTABLE,EXECUTED,OPT-03,POL-042,5
DEC-00157,RSK-KIS-00191,kisumu,2026-08-10 04:00:40,Product Readiness Mitigation at PS28,L2_AUTO_EXECUTABLE,EXECUTED,OPT-03,POL-042,8
DEC-00158,RSK-NAI-00193,nairobi,2026-08-10 20:00:37,Queue Pressure Mitigation at PS10,L3_APPROVAL_REQUIRED,APPROVED,OPT-03,POL-018,4
DEC-00159,RSK-ELD-00194,eldoret,2026-08-11 03:00:26,Queue Pressure Mitigation at PS27,L2_AUTO_EXECUTABLE,EXECUTED,OPT-03,POL-042,3
DEC-00160,RSK-MOM-00195,mombasa,2026-08-11 05:00:26,Turnaround Risk Mitigation at KOT-PS1,L1_ADVISORY,ADVISORY_POSTED,OPT-03,POL-018,2
DEC-00161,RSK-NAI-00196,nairobi,2026-08-11 19:00:22,Queue Pressure Mitigation at PS10,L2_AUTO_EXECUTABLE,EXECUTED,OPT-03,POL-042,6
DEC-00162,RSK-NAI-00198,nairobi,2026-08-12 04:00:38,Queue Pressure Mitigation at PS10,L3_APPROVAL_REQUIRED,APPROVED,OPT-03,POL-018,5
DEC-00163,RSK-MOM-00200,mombasa,2026-08-12 12:00:34,Product Readiness Mitigation at KOT-PS1,L2_AUTO_EXECUTABLE,EXECUTED,OPT-03,POL-042,7
DEC-00164,RSK-KIS-00201,kisumu,2026-08-12 21:00:28,Capacity Pressure Mitigation at PS28,L2_AUTO_EXECUTABLE,EXECUTED,OPT-03,POL-042,6
DEC-00165,RSK-NAI-00203,nairobi,2026-08-13 03:00:41,Capacity Pressure Mitigation at PS10,L2_AUTO_EXECUTABLE,EXECUTED,OPT-03,POL-042,4
DEC-00166,RSK-MOM-00204,mombasa,2026-08-13 06:00:20,Equipment Constraint Mitigation at KOT-PS1,L1_ADVISORY,ADVISORY_POSTED,OPT-03,POL-018,3
DEC-00167,RSK-NAK-00205,nakuru,2026-08-13 08:00:38,Capacity Pressure Mitigation at PS25,L1_ADVISORY,ADVISORY_POSTED,OPT-03,POL-018,6
DEC-00168,RSK-ELD-00206,eldoret,2026-08-13 15:00:25,Queue Pressure Mitigation at PS27,L1_ADVISORY,ADVISORY_POSTED,OPT-03,POL-018,4
DEC-00169,RSK-MOM-00207,mombasa,2026-08-13 19:00:43,Turnaround Risk Mitigation at KOT-PS1,L2_AUTO_EXECUTABLE,EXECUTED,OPT-03,POL-042,5
DEC-00170,RSK-KIS-00209,kisumu,2026-08-14 08:00:33,Product Readiness Mitigation at PS28,L2_AUTO_EXECUTABLE,EXECUTED,OPT-03,POL-042,5
DEC-00171,RSK-NAI-00210,nairobi,2026-08-14 11:00:31,Turnaround Risk Mitigation at PS10,L1_ADVISORY,ADVISORY_POSTED,OPT-03,POL-018,2
DEC-00172,RSK-MOM-00211,mombasa,2026-08-14 15:00:41,Arrival Clustering Mitigation at KOT-PS1,L2_AUTO_EXECUTABLE,EXECUTED,OPT-03,POL-042,5
DEC-00173,RSK-NAI-00213,nairobi,2026-08-15 06:00:23,Equipment Constraint Mitigation at PS10,L2_AUTO_EXECUTABLE,EXECUTED,OPT-03,POL-042,2
DEC-00174,RSK-NAI-00214,nairobi,2026-08-15 11:00:31,Equipment Constraint Mitigation at PS10,L1_ADVISORY,BLOCKED_BY_POLICY,OPT-03,POL-018,5
DEC-00175,RSK-NAK-00215,nakuru,2026-08-15 14:00:44,Queue Pressure Mitigation at PS25,L1_ADVISORY,ADVISORY_POSTED,OPT-03,POL-018,5
DEC-00176,RSK-MOM-00216,mombasa,2026-08-15 20:00:23,Turnaround Risk Mitigation at KOT-PS1,L2_AUTO_EXECUTABLE,EXECUTED,OPT-03,POL-042,3
DEC-00177,RSK-NAI-00217,nairobi,2026-08-15 23:00:32,Equipment Constraint Mitigation at PS10,L2_AUTO_EXECUTABLE,EXECUTED,OPT-03,POL-042,5
DEC-00178,RSK-MOM-00219,mombasa,2026-08-16 11:00:35,Equipment Constraint Mitigation at KOT-PS1,L1_ADVISORY,ADVISORY_POSTED,OPT-03,POL-018,6
DEC-00179,RSK-NAK-00220,nakuru,2026-08-16 16:00:28,Turnaround Risk Mitigation at PS25,L3_APPROVAL_REQUIRED,BLOCKED_BY_POLICY,OPT-03,POL-018,6
DEC-00180,RSK-NAK-00221,nakuru,2026-08-16 22:00:34,Turnaround Risk Mitigation at PS25,L2_AUTO_EXECUTABLE,EXECUTED,OPT-03,POL-042,6
DEC-00181,RSK-MOM-00222,mombasa,2026-08-17 06:00:32,Product Readiness Mitigation at KOT-PS1,L2_AUTO_EXECUTABLE,EXECUTED,OPT-03,POL-042,6
DEC-00182,RSK-NAK-00223,nakuru,2026-08-17 08:00:24,Turnaround Risk Mitigation at PS25,L2_AUTO_EXECUTABLE,EXECUTED,OPT-03,POL-042,7
DEC-00183,RSK-MOM-00226,mombasa,2026-08-18 15:00:36,Equipment Constraint Mitigation at KOT-PS1,L2_AUTO_EXECUTABLE,EXECUTED,OPT-03,POL-042,5
DEC-00184,RSK-MOM-00227,mombasa,2026-08-19 04:00:39,Queue Pressure Mitigation at KOT-PS1,L1_ADVISORY,BLOCKED_BY_POLICY,OPT-03,POL-018,2
DEC-00185,RSK-MOM-00228,mombasa,2026-08-19 07:00:25,Arrival Clustering Mitigation at KOT-PS1,L2_AUTO_EXECUTABLE,EXECUTED,OPT-03,POL-042,5
DEC-00186,RSK-MOM-00230,mombasa,2026-08-20 00:00:29,Arrival Clustering Mitigation at KOT-PS1,L1_ADVISORY,ADVISORY_POSTED,OPT-03,POL-018,8
DEC-00187,RSK-MOM-00231,mombasa,2026-08-20 06:00:35,Arrival Clustering Mitigation at KOT-PS1,L2_AUTO_EXECUTABLE,EXECUTED,OPT-03,POL-042,7
DEC-00188,RSK-NAI-00232,nairobi,2026-08-20 14:00:41,Turnaround Risk Mitigation at PS10,L2_AUTO_EXECUTABLE,EXECUTED,OPT-03,POL-042,8
DEC-00189,RSK-ELD-00233,eldoret,2026-08-20 20:00:35,Queue Pressure Mitigation at PS27,L3_APPROVAL_REQUIRED,APPROVED,OPT-03,POL-018,2
DEC-00190,RSK-NAI-00234,nairobi,2026-08-21 02:00:42,Product Readiness Mitigation at PS10,L1_ADVISORY,ADVISORY_POSTED,OPT-03,POL-018,6
DEC-00191,RSK-KIS-00235,kisumu,2026-08-21 05:00:40,Queue Pressure Mitigation at PS28,L2_AUTO_EXECUTABLE,EXECUTED,OPT-03,POL-042,6
DEC-00192,RSK-MOM-00236,mombasa,2026-08-21 16:00:31,Capacity Pressure Mitigation at KOT-PS1,L2_AUTO_EXECUTABLE,EXECUTED,OPT-03,POL-042,3
DEC-00193,RSK-NAK-00239,nakuru,2026-08-22 02:00:42,Queue Pressure Mitigation at PS25,L2_AUTO_EXECUTABLE,EXECUTED,OPT-03,POL-042,3
DEC-00194,RSK-NAI-00240,nairobi,2026-08-22 05:00:35,Equipment Constraint Mitigation at PS10,L3_APPROVAL_REQUIRED,APPROVED,OPT-03,POL-018,4
DEC-00195,RSK-ELD-00241,eldoret,2026-08-22 07:00:34,Equipment Constraint Mitigation at PS27,L2_AUTO_EXECUTABLE,EXECUTED,OPT-03,POL-042,6
DEC-00196,RSK-NAI-00244,nairobi,2026-08-22 21:00:22,Equipment Constraint Mitigation at PS10,L2_AUTO_EXECUTABLE,EXECUTED,OPT-03,POL-042,7
DEC-00197,RSK-KIS-00245,kisumu,2026-08-23 17:00:16,Product Readiness Mitigation at PS28,L2_AUTO_EXECUTABLE,EXECUTED,OPT-03,POL-042,8
DEC-00198,RSK-MOM-00246,mombasa,2026-08-23 20:00:43,Turnaround Risk Mitigation at KOT-PS1,L2_AUTO_EXECUTABLE,EXECUTED,OPT-03,POL-042,6
DEC-00199,RSK-MOM-00247,mombasa,2026-08-24 01:00:36,Turnaround Risk Mitigation at KOT-PS1,L3_APPROVAL_REQUIRED,APPROVED,OPT-03,POL-018,6
DEC-00200,RSK-NAI-00248,nairobi,2026-08-24 07:00:39,Arrival Clustering Mitigation at PS10,L1_ADVISORY,ADVISORY_POSTED,OPT-03,POL-018,8
DEC-00201,RSK-NAK-00249,nakuru,2026-08-24 13:00:45,Equipment Constraint Mitigation at PS25,L3_APPROVAL_REQUIRED,ADVISORY_POSTED,OPT-03,POL-018,8
DEC-00202,RSK-NAK-00250,nakuru,2026-08-25 05:00:41,Turnaround Risk Mitigation at PS25,L1_ADVISORY,ADVISORY_POSTED,OPT-03,POL-018,2
DEC-00203,RSK-MOM-00251,mombasa,2026-08-25 14:00:22,Equipment Constraint Mitigation at KOT-PS1,L1_ADVISORY,BLOCKED_BY_POLICY,OPT-03,POL-018,7
DEC-00204,RSK-NAI-00253,nairobi,2026-08-26 06:00:38,Equipment Constraint Mitigation at PS10,L3_APPROVAL_REQUIRED,ADVISORY_POSTED,OPT-03,POL-018,7
DEC-00205,RSK-NAK-00254,nakuru,2026-08-26 12:00:42,Arrival Clustering Mitigation at PS25,L1_ADVISORY,ADVISORY_POSTED,OPT-03,POL-018,3
DEC-00206,RSK-MOM-00255,mombasa,2026-08-26 16:00:33,Turnaround Risk Mitigation at KOT-PS1,L1_ADVISORY,ADVISORY_POSTED,OPT-03,POL-018,5
DEC-00207,RSK-ELD-00257,eldoret,2026-08-27 03:00:29,Arrival Clustering Mitigation at PS27,L2_AUTO_EXECUTABLE,EXECUTED,OPT-03,POL-042,3
DEC-00208,RSK-NAI-00258,nairobi,2026-08-27 07:00:20,Queue Pressure Mitigation at PS10,L1_ADVISORY,ADVISORY_POSTED,OPT-03,POL-018,5
DEC-00209,RSK-MOM-00259,mombasa,2026-08-27 12:00:26,Turnaround Risk Mitigation at KOT-PS1,L3_APPROVAL_REQUIRED,APPROVED,OPT-03,POL-018,5
DEC-00210,RSK-ELD-00260,eldoret,2026-08-27 14:00:23,Equipment Constraint Mitigation at PS27,L2_AUTO_EXECUTABLE,EXECUTED,OPT-03,POL-042,4
DEC-00211,RSK-MOM-00262,mombasa,2026-08-27 23:00:21,Queue Pressure Mitigation at KOT-PS1,L2_AUTO_EXECUTABLE,EXECUTED,OPT-03,POL-042,6
DEC-00212,RSK-ELD-00263,eldoret,2026-08-28 04:00:30,Turnaround Risk Mitigation at PS27,L1_ADVISORY,ADVISORY_POSTED,OPT-03,POL-018,5
DEC-00213,RSK-MOM-00264,mombasa,2026-08-28 07:00:21,Capacity Pressure Mitigation at KOT-PS1,L1_ADVISORY,ADVISORY_POSTED,OPT-03,POL-018,8
DEC-00214,RSK-NAI-00265,nairobi,2026-08-28 16:00:36,Queue Pressure Mitigation at PS10,L2_AUTO_EXECUTABLE,EXECUTED,OPT-03,POL-042,6
DEC-00215,RSK-NAI-00267,nairobi,2026-08-29 06:00:37,Equipment Constraint Mitigation at PS10,L2_AUTO_EXECUTABLE,EXECUTED,OPT-03,POL-042,8
DEC-00216,RSK-ELD-00268,eldoret,2026-08-29 14:00:27,Arrival Clustering Mitigation at PS27,L2_AUTO_EXECUTABLE,EXECUTED,OPT-03,POL-042,3
DEC-00217,RSK-NAK-00269,nakuru,2026-08-29 19:00:19,Arrival Clustering Mitigation at PS25,L2_AUTO_EXECUTABLE,EXECUTED,OPT-03,POL-042,8
DEC-00218,RSK-NAK-00270,nakuru,2026-08-30 02:00:33,Capacity Pressure Mitigation at PS25,L3_APPROVAL_REQUIRED,APPROVED,OPT-03,POL-018,3
DEC-00219,RSK-NAK-00271,nakuru,2026-08-30 07:00:20,Arrival Clustering Mitigation at PS25,L2_AUTO_EXECUTABLE,EXECUTED,OPT-03,POL-042,8
DEC-00220,RSK-MOM-00272,mombasa,2026-08-31 10:00:21,Capacity Pressure Mitigation at KOT-PS1,L2_AUTO_EXECUTABLE,EXECUTED,OPT-03,POL-042,4
DEC-00221,RSK-MOM-00274,mombasa,2026-08-31 20:00:29,Equipment Constraint Mitigation at KOT-PS1,L2_AUTO_EXECUTABLE,EXECUTED,OPT-03,POL-042,2
DEC-00222,RSK-NAI-00275,nairobi,2026-09-01 16:00:34,Arrival Clustering Mitigation at PS10,L2_AUTO_EXECUTABLE,EXECUTED,OPT-03,POL-042,4
DEC-00223,RSK-KIS-00278,kisumu,2026-09-02 12:00:25,Capacity Pressure Mitigation at PS28,L2_AUTO_EXECUTABLE,EXECUTED,OPT-03,POL-042,5
DEC-00224,RSK-NAI-00280,nairobi,2026-09-03 06:00:24,Turnaround Risk Mitigation at PS10,L2_AUTO_EXECUTABLE,EXECUTED,OPT-03,POL-042,3
DEC-00225,RSK-NAI-00281,nairobi,2026-09-03 15:00:36,Capacity Pressure Mitigation at PS10,L1_ADVISORY,ADVISORY_POSTED,OPT-03,POL-018,8
DEC-00226,RSK-MOM-00282,mombasa,2026-09-04 02:00:28,Equipment Constraint Mitigation at KOT-PS1,L2_AUTO_EXECUTABLE,EXECUTED,OPT-03,POL-042,8
DEC-00227,RSK-NAK-00283,nakuru,2026-09-04 13:00:19,Equipment Constraint Mitigation at PS25,L2_AUTO_EXECUTABLE,EXECUTED,OPT-03,POL-042,3
DEC-00228,RSK-ELD-00285,eldoret,2026-09-05 05:00:45,Capacity Pressure Mitigation at PS27,L2_AUTO_EXECUTABLE,EXECUTED,OPT-03,POL-042,6
DEC-00229,RSK-MOM-00286,mombasa,2026-09-05 15:00:40,Turnaround Risk Mitigation at KOT-PS1,L2_AUTO_EXECUTABLE,EXECUTED,OPT-03,POL-042,4
DEC-00230,RSK-KIS-00287,kisumu,2026-09-05 20:00:38,Queue Pressure Mitigation at PS28,L2_AUTO_EXECUTABLE,EXECUTED,OPT-03,POL-042,5
DEC-00231,RSK-KIS-00288,kisumu,2026-09-06 12:00:16,Queue Pressure Mitigation at PS28,L2_AUTO_EXECUTABLE,EXECUTED,OPT-03,POL-042,2
DEC-00232,RSK-NAI-00289,nairobi,2026-09-07 04:00:32,Equipment Constraint Mitigation at PS10,L2_AUTO_EXECUTABLE,EXECUTED,OPT-03,POL-042,2
DEC-00233,RSK-NAI-00290,nairobi,2026-09-07 07:00:31,Equipment Constraint Mitigation at PS10,L2_AUTO_EXECUTABLE,EXECUTED,OPT-03,POL-042,2
DEC-00234,RSK-NAK-00291,nakuru,2026-09-07 12:00:26,Arrival Clustering Mitigation at PS25,L2_AUTO_EXECUTABLE,EXECUTED,OPT-03,POL-042,6
DEC-00235,RSK-MOM-00292,mombasa,2026-09-07 23:00:41,Product Readiness Mitigation at KOT-PS1,L1_ADVISORY,ADVISORY_POSTED,OPT-03,POL-018,7
DEC-00236,RSK-NAI-00293,nairobi,2026-09-08 10:00:22,Product Readiness Mitigation at PS10,L1_ADVISORY,ADVISORY_POSTED,OPT-03,POL-018,8
DEC-00237,RSK-MOM-00294,mombasa,2026-09-08 22:00:34,Capacity Pressure Mitigation at KOT-PS1,L3_APPROVAL_REQUIRED,APPROVED,OPT-03,POL-018,7
DEC-00238,RSK-ELD-00295,eldoret,2026-09-09 06:00:19,Capacity Pressure Mitigation at PS27,L2_AUTO_EXECUTABLE,EXECUTED,OPT-03,POL-042,4
DEC-00239,RSK-NAI-00296,nairobi,2026-09-09 12:00:34,Capacity Pressure Mitigation at PS10,L2_AUTO_EXECUTABLE,EXECUTED,OPT-03,POL-042,2
DEC-00240,RSK-NAI-00297,nairobi,2026-09-09 14:00:26,Product Readiness Mitigation at PS10,L2_AUTO_EXECUTABLE,EXECUTED,OPT-03,POL-042,6
DEC-00241,RSK-MOM-00298,mombasa,2026-09-09 21:00:26,Equipment Constraint Mitigation at KOT-PS1,L1_ADVISORY,ADVISORY_POSTED,OPT-03,POL-018,7
DEC-00242,RSK-NAI-00300,nairobi,2026-09-10 16:00:17,Turnaround Risk Mitigation at PS10,L2_AUTO_EXECUTABLE,EXECUTED,OPT-03,POL-042,2
DEC-00243,RSK-ELD-00304,eldoret,2026-09-11 10:00:38,Product Readiness Mitigation at PS27,L2_AUTO_EXECUTABLE,EXECUTED,OPT-03,POL-042,4
DEC-00244,RSK-NAK-00306,nakuru,2026-09-12 08:00:27,Arrival Clustering Mitigation at PS25,L1_ADVISORY,ADVISORY_POSTED,OPT-03,POL-018,8
DEC-00245,RSK-NAI-00307,nairobi,2026-09-12 17:00:16,Equipment Constraint Mitigation at PS10,L3_APPROVAL_REQUIRED,APPROVED,OPT-03,POL-018,6
DEC-00246,RSK-NAI-00308,nairobi,2026-09-13 09:00:25,Equipment Constraint Mitigation at PS10,L1_ADVISORY,BLOCKED_BY_POLICY,OPT-03,POL-018,4
DEC-00247,RSK-NAK-00309,nakuru,2026-09-13 15:00:20,Queue Pressure Mitigation at PS25,L1_ADVISORY,ADVISORY_POSTED,OPT-03,POL-018,4
DEC-00248,RSK-NAI-00312,nairobi,2026-09-14 14:00:38,Turnaround Risk Mitigation at PS10,L1_ADVISORY,ADVISORY_POSTED,OPT-03,POL-018,4
DEC-00249,RSK-KIS-00313,kisumu,2026-09-15 03:00:32,Capacity Pressure Mitigation at PS28,L2_AUTO_EXECUTABLE,EXECUTED,OPT-03,POL-042,5
DEC-00250,RSK-NAI-00314,nairobi,2026-09-15 08:00:30,Equipment Constraint Mitigation at PS10,L2_AUTO_EXECUTABLE,EXECUTED,OPT-03,POL-042,6
DEC-00251,RSK-NAI-00315,nairobi,2026-09-15 15:00:25,Capacity Pressure Mitigation at PS10,L2_AUTO_EXECUTABLE,EXECUTED,OPT-03,POL-042,2
DEC-00252,RSK-MOM-00316,mombasa,2026-09-15 19:00:34,Queue Pressure Mitigation at KOT-PS1,L1_ADVISORY,BLOCKED_BY_POLICY,OPT-03,POL-018,2
